id,cuisine
7958,chinese
36179,spanish
8331,greek
41097,indian
2007,italian
5477,mexican
29196,italian
27586,southern_us
39415,greek
31054,mexican
12006,jamaican
8103,british
33505,mexican
10833,chinese
17425,italian
23785,mexican
12275,indian
26809,filipino
20768,mexican
2609,italian
49407,italian
12232,southern_us
16055,italian
34449,italian
17248,italian
12994,thai
35980,vietnamese
46445,french
35371,indian
2141,vietnamese
49558,chinese
43406,spanish
36785,southern_us
40362,mexican
1105,italian
42767,mexican
32950,mexican
30256,italian
44252,filipino
40106,mexican
37541,japanese
2223,southern_us
36745,indian
14099,italian
32626,mexican
17093,french
16070,italian
34548,italian
29757,filipino
27422,southern_us
43098,southern_us
34341,italian
33037,mexican
33843,korean
31260,vietnamese
15494,southern_us
31956,chinese
36617,cajun_creole
28496,italian
16592,korean
20034,southern_us
47533,mexican
31033,filipino
25175,japanese
27024,mexican
25552,greek
36768,mexican
8750,italian
14425,chinese
45645,southern_us
19316,mexican
15966,spanish
5992,irish
36055,italian
9869,mexican
2293,mexican
369,filipino
5135,italian
41510,french
5832,southern_us
11099,russian
45390,mexican
16530,moroccan
15027,chinese
40761,italian
18156,italian
25972,italian
10555,mexican
46017,british
47700,italian
13001,mexican
15079,mexican
22710,italian
24186,indian
20770,mexican
45334,southern_us
28049,chinese
19898,japanese
25166,italian
16801,thai
27621,mexican
10179,greek
34866,french
28363,italian
33127,southern_us
48871,moroccan
4354,french
19539,chinese
23282,italian
41306,russian
40941,filipino
27529,mexican
25688,italian
29989,russian
17157,italian
40641,thai
36592,brazilian
31461,mexican
19808,italian
398,italian
7253,southern_us
39466,cajun_creole
19612,vietnamese
41360,french
48740,indian
4903,italian
34313,italian
35005,filipino
21424,italian
1980,chinese
36726,italian
10844,french
748,chinese
21707,japanese
43674,italian
44129,japanese
38015,cajun_creole
45581,indian
23984,thai
12706,southern_us
7907,irish
7051,chinese
27879,cajun_creole
30542,vietnamese
40937,french
23047,cajun_creole
8483,cajun_creole
24028,italian
3819,southern_us
48336,cajun_creole
43308,mexican
7921,chinese
31460,mexican
35594,cajun_creole
16531,indian
14892,mexican
35707,greek
35744,french
29649,jamaican
24930,italian
36386,chinese
11198,moroccan
45690,indian
28652,italian
32851,mexican
6930,southern_us
11096,mexican
1907,chinese
40877,filipino
5604,italian
33742,thai
37915,brazilian
7985,southern_us
38613,cajun_creole
33828,italian
23015,thai
8667,mexican
15013,italian
24761,southern_us
19193,italian
47351,indian
12258,mexican
29039,chinese
27959,chinese
30041,mexican
14572,mexican
10018,mexican
26945,italian
44522,italian
19775,southern_us
7080,italian
39218,french
8971,italian
12784,italian
5469,italian
49451,southern_us
24999,korean
5287,spanish
40576,french
49591,indian
28794,indian
15499,chinese
12754,indian
18198,indian
20125,indian
48334,mexican
13430,brazilian
34555,cajun_creole
46917,italian
47927,southern_us
25,mexican
34875,japanese
16821,indian
12077,french
22086,chinese
19710,french
30242,italian
38344,korean
4784,french
24626,southern_us
39535,mexican
31829,italian
5671,spanish
49506,thai
41421,italian
49565,korean
3437,cajun_creole
3622,mexican
43178,russian
14477,southern_us
11553,mexican
39909,italian
2214,italian
40457,irish
28627,filipino
7112,italian
8600,italian
27296,italian
32782,mexican
16087,chinese
33919,vietnamese
40204,indian
35428,italian
16996,southern_us
29519,spanish
20811,southern_us
28490,french
32393,mexican
29490,italian
32948,greek
17898,mexican
30415,italian
24879,thai
10263,vietnamese
13326,italian
18883,british
18480,jamaican
39348,italian
47503,chinese
38511,vietnamese
36819,greek
4043,mexican
19030,indian
18991,italian
15265,mexican
36031,jamaican
40189,russian
42433,moroccan
27470,italian
15720,french
12759,french
24571,italian
47679,moroccan
11034,british
4269,italian
11185,thai
43633,moroccan
43039,japanese
11602,moroccan
42301,moroccan
34224,southern_us
37005,mexican
43537,mexican
39623,british
22360,mexican
10337,greek
10371,mexican
26723,indian
34331,greek
19309,greek
12544,mexican
38434,italian
37041,italian
35266,mexican
30633,moroccan
45737,thai
12723,indian
17606,chinese
46753,mexican
44717,moroccan
15309,thai
38726,southern_us
24847,spanish
17984,mexican
40738,italian
11120,mexican
17050,italian
44919,greek
41467,greek
9235,southern_us
18957,thai
45273,vietnamese
147,indian
31152,greek
9393,italian
19967,french
2426,mexican
17546,japanese
47470,mexican
12724,southern_us
17343,indian
30809,southern_us
40734,mexican
683,greek
18564,indian
1260,mexican
14884,italian
7781,italian
23377,japanese
14707,french
32041,italian
9824,french
31833,jamaican
38431,italian
16488,spanish
39714,french
12704,italian
32689,southern_us
6312,mexican
17956,thai
26622,italian
34847,italian
32070,brazilian
12192,french
36706,mexican
35013,italian
2275,french
14862,mexican
33867,jamaican
31326,italian
9400,british
17090,mexican
10862,mexican
11416,indian
24715,french
25481,italian
6333,indian
16722,southern_us
41928,russian
6544,indian
13190,italian
22072,indian
8621,southern_us
38319,italian
13905,italian
23295,southern_us
2451,thai
49197,french
24898,french
5839,french
26048,southern_us
42594,mexican
31992,greek
24493,mexican
20370,indian
27161,indian
46938,chinese
28382,korean
34510,indian
21157,indian
36314,italian
18511,vietnamese
25297,mexican
14405,chinese
35133,southern_us
35546,southern_us
35187,italian
22412,japanese
12555,chinese
35408,greek
46957,greek
38286,indian
12038,mexican
35193,chinese
2058,korean
35330,southern_us
11604,mexican
488,french
20022,british
13699,cajun_creole
3022,mexican
34274,mexican
32499,mexican
44343,mexican
5758,chinese
31869,irish
46904,mexican
18669,italian
42081,southern_us
15483,japanese
31047,irish
19614,mexican
36461,italian
48520,korean
6747,italian
8547,greek
34372,russian
36668,french
3278,italian
49567,thai
36117,vietnamese
40622,mexican
13405,italian
9662,mexican
41314,mexican
24258,mexican
44889,chinese
44704,brazilian
4035,korean
34776,brazilian
6815,italian
42576,italian
28894,indian
29105,chinese
36400,southern_us
17972,indian
27393,spanish
13433,thai
2555,greek
29930,british
49075,chinese
11247,japanese
26080,japanese
33059,mexican
47121,japanese
36253,cajun_creole
24458,italian
25257,mexican
8194,french
43009,greek
12406,mexican
1961,italian
40911,italian
37291,mexican
4628,japanese
20050,mexican
41974,southern_us
6283,italian
5351,mexican
26376,spanish
46656,italian
10205,mexican
19386,japanese
7459,mexican
16574,thai
37628,british
20123,southern_us
47095,chinese
46027,irish
5953,indian
9899,indian
35782,korean
23142,chinese
3337,french
18510,french
27823,brazilian
6053,cajun_creole
47447,southern_us
41483,french
935,italian
40456,indian
2756,french
26268,southern_us
38313,cajun_creole
30569,spanish
18281,chinese
28471,french
32804,cajun_creole
21219,greek
30200,southern_us
3683,mexican
1504,french
27342,french
7774,southern_us
26882,japanese
14880,thai
19540,japanese
23171,southern_us
40555,mexican
46549,japanese
19479,italian
5880,french
1362,japanese
49652,chinese
18336,mexican
8782,chinese
49244,italian
9963,italian
30690,southern_us
26463,british
14942,italian
32170,british
19576,southern_us
35151,indian
19236,italian
48365,southern_us
21475,thai
5580,southern_us
9814,indian
17198,mexican
25674,indian
34242,italian
15992,french
3215,greek
48863,moroccan
11992,japanese
26174,italian
33663,mexican
31488,french
15775,mexican
24518,indian
5925,italian
28087,southern_us
25988,chinese
21699,indian
37831,korean
1126,greek
36482,chinese
463,mexican
24081,mexican
19522,southern_us
4857,italian
46757,italian
49058,chinese
24049,italian
30280,french
29912,chinese
30795,italian
19813,chinese
19290,southern_us
9862,irish
28302,italian
43362,italian
35280,southern_us
43997,mexican
11841,mexican
13216,mexican
37276,filipino
48385,french
22067,chinese
38641,french
1281,irish
13467,italian
19056,mexican
27518,italian
32318,chinese
45528,italian
41209,southern_us
4911,mexican
22682,vietnamese
30357,mexican
16160,southern_us
12772,southern_us
25851,mexican
12821,french
24259,southern_us
27671,mexican
18027,italian
9978,vietnamese
35789,italian
36755,italian
12186,filipino
42140,southern_us
19480,indian
12136,russian
47412,japanese
37863,french
42042,french
48695,indian
26590,irish
31472,french
12780,italian
7829,french
10918,italian
18804,vietnamese
8696,indian
14994,mexican
25056,russian
33308,indian
12267,jamaican
43582,spanish
44411,italian
40109,thai
8635,chinese
34848,italian
2621,japanese
44449,mexican
15721,southern_us
3608,filipino
41606,mexican
43161,southern_us
21018,italian
645,italian
41432,southern_us
45837,indian
10043,southern_us
28433,chinese
8211,italian
27224,indian
49571,mexican
16220,moroccan
47753,italian
3934,mexican
11818,italian
27404,italian
5320,chinese
26353,italian
24537,greek
40589,mexican
37992,italian
13636,mexican
42147,italian
2042,southern_us
13266,southern_us
21826,italian
25225,cajun_creole
14922,french
24931,southern_us
23952,mexican
32511,french
43208,southern_us
11886,spanish
4548,thai
234,irish
29776,jamaican
16479,chinese
2891,southern_us
18171,mexican
13139,british
48010,irish
22888,italian
7231,indian
24011,chinese
15228,southern_us
23458,french
43151,italian
24101,italian
47962,italian
33374,italian
44352,italian
14528,mexican
7026,moroccan
48594,italian
24978,southern_us
48856,mexican
32900,chinese
16238,italian
7473,british
22325,indian
6370,filipino
24900,spanish
44433,indian
35516,italian
22593,indian
17803,spanish
36858,italian
34076,italian
13247,indian
11188,mexican
47454,italian
38949,japanese
7616,greek
7762,indian
47615,southern_us
49450,italian
32579,korean
29806,southern_us
8713,cajun_creole
40577,mexican
33430,italian
45741,thai
27665,italian
33535,mexican
5827,mexican
48432,chinese
41219,italian
2069,indian
36689,mexican
35862,indian
24925,irish
18270,italian
25748,indian
36522,mexican
35602,thai
1877,southern_us
40636,thai
49237,thai
6841,thai
36063,mexican
21292,southern_us
13082,italian
39722,southern_us
41904,italian
12188,southern_us
38081,thai
42601,southern_us
12897,french
36139,cajun_creole
27987,italian
27244,mexican
37082,italian
29834,chinese
23571,italian
40354,southern_us
28755,italian
26070,italian
34826,vietnamese
7623,japanese
22738,italian
43905,indian
33413,southern_us
32672,italian
43737,moroccan
18204,chinese
40239,mexican
12058,cajun_creole
49604,greek
2200,chinese
10577,cajun_creole
10695,southern_us
48513,french
41936,chinese
8082,southern_us
7233,indian
36979,italian
4780,italian
27810,french
15116,greek
15307,mexican
33886,southern_us
16189,indian
37000,italian
17623,italian
5390,southern_us
42017,thai
30358,mexican
33658,moroccan
13161,french
17274,italian
3030,italian
34765,french
26701,mexican
34325,jamaican
88,southern_us
41355,mexican
22210,french
6354,italian
6314,brazilian
8139,italian
23636,chinese
13436,french
37743,thai
48845,moroccan
7562,cajun_creole
28608,italian
35158,mexican
39729,southern_us
1042,chinese
16463,southern_us
32116,irish
35046,british
34623,indian
43339,mexican
14738,french
42486,italian
14694,italian
40760,mexican
31740,southern_us
25808,french
17072,italian
28462,southern_us
2917,greek
11856,mexican
33422,british
44484,japanese
31188,mexican
6100,french
46395,italian
27358,italian
20120,british
38230,southern_us
6363,italian
13643,italian
24022,southern_us
41004,mexican
40292,chinese
15290,japanese
12918,italian
18310,french
20993,mexican
13091,southern_us
13564,southern_us
16398,italian
7549,chinese
34133,mexican
41298,mexican
3494,italian
49584,greek
12463,italian
7525,vietnamese
15413,mexican
4202,indian
45410,french
24824,irish
4773,italian
26519,chinese
4345,greek
36412,mexican
4374,chinese
17262,italian
37402,spanish
19258,mexican
6897,mexican
27985,chinese
35142,italian
34697,italian
31239,mexican
6887,filipino
20592,southern_us
11428,mexican
41199,southern_us
8102,brazilian
2196,french
21082,italian
43105,greek
42530,vietnamese
4624,japanese
35069,italian
7923,southern_us
8601,chinese
46045,italian
462,southern_us
18217,italian
44036,korean
19594,southern_us
13484,british
1901,southern_us
22942,cajun_creole
7687,mexican
14628,italian
1249,cajun_creole
43356,french
39168,indian
30586,mexican
28683,indian
47086,moroccan
17067,cajun_creole
43055,italian
32366,jamaican
9383,southern_us
8540,italian
18289,mexican
46791,indian
47767,indian
22425,mexican
39774,italian
9526,italian
27011,italian
30320,indian
22815,mexican
8454,jamaican
563,chinese
41892,indian
30848,greek
25271,mexican
26065,mexican
6122,indian
12351,southern_us
9946,greek
36927,greek
11077,chinese
26029,southern_us
43286,chinese
39874,korean
45028,greek
47384,indian
44100,jamaican
16591,mexican
9067,mexican
43583,greek
33175,french
16947,mexican
23720,french
45049,indian
5470,cajun_creole
21950,italian
43777,italian
31172,cajun_creole
33895,greek
16767,italian
35554,mexican
47924,french
21365,french
5564,mexican
36537,mexican
5748,italian
21886,french
20036,italian
19565,thai
42906,mexican
9485,russian
12730,italian
37447,mexican
27738,irish
33810,southern_us
17078,italian
26305,british
706,southern_us
29208,irish
4365,italian
46463,chinese
8872,italian
41504,vietnamese
1082,korean
8239,cajun_creole
1540,italian
12458,japanese
26672,japanese
33597,mexican
13855,indian
12823,indian
39269,mexican
1305,cajun_creole
33839,mexican
7312,irish
37414,italian
49648,italian
39880,mexican
15326,italian
19519,mexican
34599,italian
21077,southern_us
7722,greek
5174,mexican
36581,mexican
45061,mexican
38433,chinese
10729,italian
3106,mexican
43650,italian
46007,russian
44505,southern_us
32227,italian
4295,greek
36665,korean
24470,italian
7799,mexican
16120,french
45965,indian
38342,chinese
258,irish
9749,italian
43166,mexican
2549,indian
45268,british
12410,irish
20006,southern_us
11862,italian
13912,cajun_creole
40022,thai
14254,chinese
34584,italian
17094,mexican
7320,chinese
8564,indian
10585,italian
39522,french
15035,cajun_creole
46682,cajun_creole
46517,southern_us
33410,mexican
3450,korean
41377,french
24802,vietnamese
10227,indian
20661,italian
30369,italian
31329,thai
37783,russian
34384,indian
4730,italian
29298,mexican
45466,japanese
33945,southern_us
30612,southern_us
32397,french
5093,mexican
49259,indian
5614,french
41343,moroccan
28696,mexican
40886,spanish
4610,filipino
37270,chinese
24550,chinese
1522,southern_us
32285,italian
35828,chinese
4089,mexican
45430,thai
4601,mexican
14311,italian
39190,italian
6661,mexican
3517,italian
24733,chinese
47136,italian
22761,italian
19509,french
33832,mexican
11267,italian
42671,southern_us
16940,southern_us
30201,french
3933,indian
1168,southern_us
34789,mexican
96,italian
40507,thai
22519,italian
41475,chinese
28551,mexican
31432,filipino
28905,chinese
22409,italian
37374,mexican
31138,moroccan
3599,korean
30295,japanese
18435,french
29652,italian
15479,mexican
19065,italian
44851,russian
34997,chinese
2151,japanese
4736,southern_us
25720,mexican
2127,spanish
43455,italian
45465,southern_us
10343,french
47319,chinese
16290,italian
9834,french
11659,cajun_creole
18481,italian
21961,irish
672,british
23060,japanese
1350,italian
1154,southern_us
1127,thai
3873,indian
13746,mexican
47461,spanish
40881,thai
12325,italian
4781,cajun_creole
28776,irish
35656,mexican
12215,southern_us
19275,southern_us
667,indian
42247,japanese
14610,indian
10915,chinese
30272,vietnamese
41795,indian
39340,moroccan
2039,mexican
3277,southern_us
726,greek
49712,indian
10455,french
27435,mexican
18952,mexican
17894,filipino
3254,southern_us
34534,spanish
906,mexican
10736,southern_us
9113,southern_us
39727,mexican
23633,mexican
1461,mexican
17936,chinese
25516,italian
21678,southern_us
29384,italian
15894,mexican
16182,russian
45189,italian
4896,italian
46150,spanish
41476,thai
48232,korean
9217,italian
2035,mexican
29445,french
37404,italian
7272,brazilian
18060,french
44005,italian
36947,mexican
24664,italian
4923,french
40510,thai
28928,moroccan
27242,greek
38743,italian
47076,vietnamese
36318,southern_us
45655,italian
8525,cajun_creole
6299,cajun_creole
47953,chinese
41995,mexican
37587,filipino
39286,italian
1159,british
23064,italian
10044,indian
5153,chinese
2386,vietnamese
13814,italian
228,indian
29263,chinese
43281,filipino
49444,indian
10536,japanese
32930,british
22301,cajun_creole
40810,filipino
18708,mexican
7961,japanese
46233,italian
15937,chinese
25917,french
36854,greek
42836,thai
48812,italian
11753,korean
2730,italian
24410,italian
43532,chinese
16002,italian
11391,italian
40008,mexican
38259,mexican
41808,italian
1840,italian
25938,mexican
39928,southern_us
14496,indian
46751,mexican
37075,mexican
14930,southern_us
28163,chinese
38315,chinese
1298,french
33006,indian
42676,filipino
42586,irish
1872,italian
14490,vietnamese
23413,mexican
16409,filipino
3676,italian
5547,irish
46692,brazilian
10129,italian
47097,thai
20719,moroccan
30654,japanese
40428,cajun_creole
24350,italian
36893,mexican
32126,vietnamese
10355,italian
43801,mexican
49517,italian
5798,greek
4469,italian
16867,french
25334,italian
32043,italian
24,southern_us
7910,indian
31132,italian
15475,mexican
41114,moroccan
26549,italian
41670,italian
18128,indian
17469,italian
33436,irish
30627,chinese
29185,italian
5838,italian
24451,southern_us
30535,cajun_creole
10751,indian
40546,spanish
45152,italian
7596,mexican
9261,french
18588,mexican
20186,italian
18907,mexican
6199,french
31905,jamaican
2019,indian
39596,mexican
8095,southern_us
20621,british
36555,mexican
11572,mexican
16539,italian
45692,indian
20209,vietnamese
48443,indian
18811,cajun_creole
22314,italian
17846,thai
32916,italian
33975,mexican
2022,italian
21087,french
36727,spanish
35030,cajun_creole
23462,indian
18881,italian
36823,italian
30476,mexican
46988,french
31166,indian
7605,french
36391,spanish
28091,french
24162,french
9706,mexican
28056,british
10028,mexican
44599,mexican
10126,italian
35070,moroccan
3773,cajun_creole
30945,filipino
37091,indian
48110,italian
29387,indian
27558,thai
21607,chinese
6879,cajun_creole
30301,mexican
24403,thai
41637,mexican
4130,french
33491,italian
1741,mexican
9626,southern_us
2393,chinese
47895,mexican
13035,mexican
26714,italian
19960,greek
44830,indian
36359,southern_us
37794,indian
20845,thai
12209,french
43164,chinese
11004,thai
29358,mexican
41068,southern_us
6542,korean
32547,jamaican
15645,mexican
23561,italian
3727,mexican
24833,italian
46357,southern_us
10045,italian
34917,italian
22804,southern_us
41499,mexican
34915,korean
46337,korean
21645,mexican
213,mexican
14465,filipino
6194,spanish
1185,mexican
32411,japanese
32829,italian
36762,italian
2885,french
24005,mexican
31009,spanish
36121,mexican
921,southern_us
13454,mexican
766,filipino
47925,korean
7088,chinese
24665,southern_us
47939,italian
43566,indian
45704,korean
43806,indian
20160,moroccan
696,indian
35863,thai
7771,mexican
4756,southern_us
33249,korean
2089,mexican
31797,chinese
47433,southern_us
4568,french
83,southern_us
35572,thai
45140,mexican
18493,mexican
37129,korean
4197,italian
33525,chinese
41723,italian
44669,french
46074,italian
1326,indian
38473,thai
2785,indian
31493,russian
42376,mexican
16869,indian
9740,southern_us
47199,indian
16173,korean
3208,vietnamese
14475,japanese
1543,cajun_creole
47525,chinese
37252,southern_us
49472,mexican
29864,italian
21863,italian
7104,cajun_creole
36943,southern_us
26764,chinese
12266,italian
22559,mexican
11674,italian
37556,russian
44530,chinese
38226,british
48949,italian
44331,mexican
42937,indian
41902,cajun_creole
28520,italian
44090,chinese
35259,italian
34094,jamaican
39127,southern_us
1526,italian
42165,moroccan
46238,indian
34626,indian
37994,russian
7560,italian
44810,mexican
40720,southern_us
22946,mexican
22073,chinese
7948,italian
1758,southern_us
35842,southern_us
34619,mexican
34432,chinese
12303,chinese
44383,indian
12858,greek
1752,french
46054,jamaican
45349,italian
25060,mexican
3614,greek
15846,mexican
37162,chinese
18641,brazilian
12725,spanish
26580,mexican
12692,mexican
16168,jamaican
49365,french
9661,spanish
40118,southern_us
31413,thai
42518,thai
27319,italian
39074,italian
37049,greek
1914,indian
39731,british
8902,jamaican
15482,southern_us
42211,southern_us
19360,vietnamese
33776,mexican
17946,italian
28005,mexican
42249,french
18353,italian
10747,chinese
37544,irish
16449,italian
48221,japanese
41201,french
9933,southern_us
26776,southern_us
11094,mexican
27750,french
23628,indian
24386,thai
27539,vietnamese
12067,irish
15713,russian
13365,southern_us
44094,japanese
7677,italian
248,chinese
29144,indian
492,mexican
15470,cajun_creole
16498,japanese
9609,mexican
1898,chinese
23387,italian
43558,french
15666,filipino
21556,italian
45207,indian
44653,greek
23675,cajun_creole
26439,japanese
3079,french
3628,chinese
45218,italian
35739,irish
23643,italian
7728,mexican
47464,indian
34734,italian
576,cajun_creole
45773,italian
2538,southern_us
13780,mexican
21838,indian
12948,italian
7912,southern_us
10042,irish
36379,moroccan
38244,indian
11007,mexican
37558,indian
39889,italian
45123,italian
34932,indian
31127,southern_us
5279,italian
37202,mexican
24565,southern_us
36810,italian
38283,italian
4168,italian
21917,greek
15787,indian
283,southern_us
20181,italian
21092,mexican
39636,cajun_creole
1612,korean
25830,korean
42014,southern_us
16616,southern_us
17010,french
23491,italian
38410,cajun_creole
40768,italian
44408,italian
12616,french
4264,italian
25276,italian
25341,italian
33362,moroccan
22157,southern_us
22574,italian
33931,mexican
43221,indian
9718,mexican
22662,cajun_creole
41092,southern_us
40015,italian
16956,mexican
7563,jamaican
3458,mexican
19406,italian
3715,southern_us
46078,korean
39904,greek
45270,spanish
35473,italian
14754,spanish
42390,french
15722,japanese
27087,italian
22798,chinese
13574,southern_us
32311,french
1959,mexican
15411,mexican
23552,chinese
48579,japanese
38347,italian
8962,mexican
13004,italian
43731,southern_us
29751,cajun_creole
7630,southern_us
10500,southern_us
37945,russian
15465,indian
1314,italian
15695,spanish
39612,thai
4592,southern_us
15357,italian
25015,mexican
44132,mexican
30438,chinese
9890,mexican
31635,italian
42215,indian
42289,thai
25664,chinese
11459,japanese
49235,italian
29965,italian
35159,mexican
30919,mexican
30333,irish
13921,chinese
22658,southern_us
16324,japanese
4252,mexican
12614,southern_us
19297,italian
9877,italian
33202,southern_us
1059,mexican
1957,french
270,southern_us
7390,french
19052,italian
34758,mexican
21051,southern_us
22727,italian
26738,mexican
43117,filipino
42260,italian
14246,japanese
42329,italian
11595,mexican
37283,mexican
43761,spanish
31691,indian
42273,mexican
13194,italian
19013,thai
317,italian
41869,southern_us
46260,indian
609,italian
40002,french
46890,french
5726,jamaican
23964,vietnamese
39572,indian
33506,jamaican
25727,mexican
17871,italian
2683,italian
26106,cajun_creole
38239,thai
28885,moroccan
2931,mexican
20703,mexican
44596,italian
34521,chinese
37231,japanese
2199,indian
17101,mexican
19012,chinese
21350,french
33592,korean
36773,southern_us
17811,indian
4494,thai
15911,southern_us
44786,italian
49208,italian
29375,chinese
22527,mexican
23810,moroccan
6812,italian
21348,french
40769,mexican
30096,chinese
20542,greek
43108,indian
42096,indian
19486,southern_us
42465,southern_us
25012,southern_us
29446,cajun_creole
39017,mexican
45331,southern_us
14078,southern_us
16655,chinese
47295,greek
36399,irish
31857,italian
22176,italian
21522,cajun_creole
34537,mexican
25317,french
29998,italian
7387,russian
43177,chinese
289,indian
17478,thai
14893,korean
11485,southern_us
17239,japanese
48265,french
10788,vietnamese
43922,jamaican
20494,chinese
36866,mexican
12633,chinese
19734,mexican
37936,greek
29011,chinese
21693,southern_us
27628,french
18633,jamaican
24600,korean
8349,mexican
7090,chinese
15866,french
37351,mexican
13594,italian
18531,mexican
9135,irish
15345,jamaican
21452,indian
39023,southern_us
41141,cajun_creole
25089,greek
2610,italian
37196,korean
24376,italian
19643,thai
41413,italian
37388,mexican
36806,chinese
32716,japanese
36290,indian
8348,french
11255,jamaican
992,italian
3416,italian
43543,thai
31394,chinese
17618,indian
34800,indian
19308,french
5688,italian
24559,mexican
39284,italian
39271,italian
21405,irish
13995,italian
25295,french
24846,italian
18453,indian
28152,indian
26155,italian
22117,italian
10680,indian
11455,korean
42149,thai
49110,mexican
17570,italian
32652,spanish
47663,french
26380,spanish
30539,italian
11202,french
45328,italian
23702,british
12417,mexican
1155,japanese
45608,vietnamese
13329,indian
44337,cajun_creole
49176,cajun_creole
22680,mexican
31564,southern_us
4082,mexican
38763,italian
31278,greek
25474,italian
3694,indian
48551,mexican
44363,italian
18822,chinese
10837,italian
28891,italian
2292,spanish
12239,italian
46633,italian
46920,jamaican
46075,italian
49161,mexican
1835,mexican
42489,japanese
26667,brazilian
47590,spanish
42308,moroccan
24624,mexican
33401,southern_us
14974,greek
28659,mexican
48825,italian
7557,southern_us
13538,mexican
40638,italian
22916,italian
8093,thai
40177,chinese
31646,mexican
11245,greek
41419,italian
9941,mexican
45014,mexican
3942,southern_us
13111,russian
16483,chinese
28752,italian
12651,mexican
38694,greek
8900,italian
40042,british
34526,mexican
27203,japanese
11440,italian
3905,southern_us
9253,southern_us
2623,southern_us
2564,irish
43986,jamaican
16648,french
6233,italian
48575,french
27488,italian
284,korean
22737,spanish
29283,moroccan
46598,southern_us
15052,greek
38035,british
47761,mexican
41752,chinese
49182,italian
46356,italian
4618,french
7487,british
43255,southern_us
44513,italian
28179,mexican
12091,french
1,mexican
1210,thai
45441,thai
49064,italian
11186,southern_us
540,japanese
40616,spanish
26948,moroccan
41516,italian
40468,mexican
48703,mexican
32640,greek
1015,indian
4527,mexican
21366,french
21034,japanese
13348,japanese
24212,indian
33518,french
6832,french
14965,mexican
651,filipino
37477,italian
48958,italian
4790,irish
39789,italian
8760,mexican
12015,italian
23678,vietnamese
37557,chinese
21464,vietnamese
1235,irish
3604,italian
47854,italian
44380,italian
26252,french
36213,italian
1072,chinese
22686,thai
21970,southern_us
10532,chinese
40145,chinese
43374,mexican
4355,japanese
29084,indian
23728,thai
15562,italian
45379,korean
31405,chinese
28379,mexican
40863,filipino
16155,southern_us
48598,spanish
5089,mexican
42964,korean
20943,japanese
11346,southern_us
15213,southern_us
47859,mexican
9120,french
31255,italian
24064,french
31684,mexican
13876,mexican
47806,italian
10526,mexican
8112,indian
9277,filipino
6566,spanish
3968,italian
16226,indian
49713,southern_us
11179,italian
24110,british
25868,southern_us
30501,thai
48061,italian
17323,southern_us
4435,mexican
27889,moroccan
46363,chinese
43978,italian
27862,vietnamese
21984,italian
41402,chinese
6182,french
17447,italian
48311,mexican
26962,italian
19653,mexican
2407,chinese
26176,mexican
30380,italian
11421,indian
2321,spanish
26063,chinese
7471,southern_us
12205,italian
22493,cajun_creole
30653,chinese
31781,indian
45395,italian
49485,mexican
4832,vietnamese
3446,italian
11075,southern_us
49186,italian
36263,chinese
39051,mexican
11205,mexican
29116,southern_us
12424,british
21739,greek
21169,jamaican
36452,mexican
38535,irish
37956,italian
31883,italian
40326,greek
27576,southern_us
13793,korean
17282,indian
43505,southern_us
47266,mexican
24942,mexican
25197,irish
43893,mexican
6067,french
27673,southern_us
15554,filipino
45195,mexican
2257,french
19073,italian
1310,italian
22852,brazilian
33119,southern_us
9140,italian
32996,japanese
7018,vietnamese
43246,mexican
44979,italian
28902,japanese
43934,thai
25210,italian
33487,mexican
36312,thai
37236,mexican
28042,mexican
33480,greek
34205,thai
29021,mexican
15532,french
14940,mexican
5061,thai
870,russian
34935,mexican
6133,cajun_creole
32071,southern_us
13089,thai
44103,spanish
24482,italian
44561,korean
41955,jamaican
44997,southern_us
5269,filipino
35827,french
179,italian
42995,italian
34056,italian
48052,italian
47352,greek
42290,indian
39851,mexican
35774,southern_us
45171,southern_us
3747,mexican
49378,greek
8443,southern_us
25467,moroccan
47922,cajun_creole
17000,vietnamese
41975,indian
13556,indian
33479,italian
28491,french
6616,mexican
2540,greek
23076,french
13977,mexican
39435,brazilian
4327,southern_us
13569,french
45311,chinese
20344,japanese
14489,french
15178,vietnamese
32480,spanish
26883,italian
24295,thai
30324,vietnamese
37088,korean
14111,japanese
29491,chinese
45443,italian
38046,spanish
19868,japanese
45777,italian
15994,spanish
25588,mexican
5884,southern_us
15171,chinese
22984,southern_us
31055,italian
10304,southern_us
41969,japanese
18133,mexican
34413,moroccan
5573,italian
36369,indian
25746,southern_us
16172,russian
32343,chinese
23673,indian
17762,italian
44410,italian
7998,thai
27092,moroccan
8238,indian
24910,mexican
4710,chinese
40341,moroccan
12991,indian
38160,japanese
6921,chinese
22898,moroccan
46179,cajun_creole
15853,italian
39759,italian
36362,cajun_creole
18020,mexican
47950,thai
43447,irish
27364,spanish
28567,thai
18856,japanese
15491,indian
24057,french
36294,greek
17454,korean
31532,french
24127,italian
7093,moroccan
14433,italian
9082,italian
40115,greek
12819,french
21393,southern_us
20232,indian
14660,italian
33760,british
22811,italian
14871,thai
46265,italian
3447,italian
44911,greek
43572,mexican
35118,chinese
23949,cajun_creole
46105,french
35940,southern_us
36582,mexican
1703,indian
24618,italian
8901,vietnamese
37715,italian
23901,southern_us
48410,japanese
151,french
23457,chinese
33640,italian
13603,italian
16599,french
47340,italian
46664,korean
1174,italian
11285,mexican
15486,mexican
40137,chinese
10792,southern_us
13857,moroccan
41645,british
37268,chinese
8468,mexican
35311,moroccan
16234,british
4105,southern_us
42331,italian
9883,thai
39658,vietnamese
2671,french
24071,japanese
25014,indian
23883,japanese
45612,italian
35143,southern_us
20548,thai
36021,southern_us
44533,mexican
9233,mexican
49262,japanese
260,thai
10906,french
35392,chinese
47329,mexican
27819,chinese
36148,french
45192,italian
40940,mexican
34389,italian
37037,french
13717,moroccan
49100,mexican
21055,italian
25785,italian
11740,japanese
26374,mexican
38957,mexican
36845,italian
41322,greek
4524,mexican
4137,mexican
26383,southern_us
41295,cajun_creole
3436,mexican
25424,mexican
24639,mexican
13162,indian
10133,italian
17139,italian
34830,greek
18672,southern_us
40837,mexican
43030,mexican
36413,southern_us
42733,indian
7776,cajun_creole
30992,southern_us
887,cajun_creole
198,mexican
14839,italian
16154,southern_us
14456,mexican
13613,thai
44375,french
20155,italian
21428,indian
12659,thai
15910,italian
13749,italian
45180,cajun_creole
26902,chinese
16166,mexican
22219,chinese
751,french
29653,mexican
30948,italian
25923,indian
40466,indian
18679,indian
36038,mexican
29339,mexican
47179,french
25561,southern_us
13619,italian
32880,southern_us
2458,french
33559,greek
36178,italian
33659,japanese
24467,mexican
36082,brazilian
36887,korean
37382,italian
29214,italian
9303,japanese
2218,spanish
43880,chinese
26746,greek
45145,indian
29079,indian
41933,southern_us
26370,vietnamese
31112,southern_us
47320,italian
43762,italian
14376,mexican
6993,spanish
41821,italian
636,french
29439,mexican
17076,cajun_creole
41248,italian
15111,italian
30084,italian
1368,jamaican
22348,thai
36363,italian
31349,southern_us
22328,thai
26043,french
42690,moroccan
20009,southern_us
37622,cajun_creole
15984,spanish
38619,mexican
23670,southern_us
44218,moroccan
11925,indian
23584,mexican
44292,mexican
19872,chinese
23226,french
26453,mexican
4308,french
30159,japanese
49049,thai
46764,southern_us
35382,chinese
3534,italian
42922,italian
4688,italian
21068,mexican
47065,southern_us
18512,mexican
29336,thai
32110,mexican
7950,korean
43673,southern_us
14820,japanese
44389,mexican
3509,italian
34854,mexican
4649,italian
20195,irish
26770,mexican
35500,mexican
26956,irish
38457,mexican
40051,southern_us
20100,chinese
40692,mexican
15382,brazilian
40055,chinese
36212,vietnamese
11805,italian
8990,southern_us
33862,japanese
48107,japanese
13957,southern_us
28779,vietnamese
18152,italian
41080,indian
42768,southern_us
39890,mexican
32130,italian
41150,indian
32858,italian
44891,cajun_creole
24488,italian
5634,thai
44447,chinese
4525,italian
18105,french
36574,cajun_creole
38932,italian
33642,italian
14138,italian
30182,spanish
10360,southern_us
25361,chinese
12556,mexican
3301,italian
33412,italian
33974,cajun_creole
41847,italian
31692,mexican
13930,thai
47896,southern_us
17986,cajun_creole
26482,jamaican
48404,mexican
25041,french
28876,japanese
2357,chinese
38458,italian
10290,southern_us
9477,mexican
29944,indian
20337,southern_us
7504,italian
41166,southern_us
15129,cajun_creole
16093,indian
1490,mexican
7132,russian
14031,mexican
46496,southern_us
42496,mexican
25719,southern_us
5253,mexican
15748,chinese
16517,chinese
8653,chinese
1306,southern_us
13902,mexican
49418,thai
5185,mexican
37644,moroccan
40797,russian
22154,greek
19694,indian
9417,thai
25862,southern_us
25401,mexican
8833,cajun_creole
44428,indian
10014,vietnamese
24344,mexican
24575,russian
36626,mexican
41603,mexican
30323,southern_us
28634,mexican
40632,japanese
19887,chinese
31865,thai
12843,irish
31879,italian
21937,chinese
46660,mexican
21758,thai
16455,italian
47214,mexican
47937,southern_us
30081,mexican
14613,southern_us
39850,chinese
25513,russian
34710,mexican
2871,italian
38504,french
32044,indian
23753,british
29836,chinese
24164,italian
2299,southern_us
32695,chinese
12223,greek
10394,indian
44623,mexican
26599,spanish
3410,filipino
8825,mexican
12269,indian
7642,french
31960,french
20259,french
6316,southern_us
40460,spanish
1161,italian
29034,italian
9843,thai
19761,irish
19089,mexican
22543,southern_us
41844,chinese
1452,italian
32054,japanese
13582,mexican
47725,brazilian
42210,spanish
23855,mexican
17116,thai
12571,chinese
12551,italian
10298,indian
8342,greek
46787,italian
6449,italian
21295,italian
41443,filipino
28369,thai
35043,mexican
24013,spanish
37534,mexican
39310,italian
43773,chinese
24922,korean
23587,italian
35463,jamaican
27046,mexican
40929,southern_us
7299,french
28892,mexican
625,cajun_creole
10723,brazilian
23366,mexican
44095,vietnamese
32161,moroccan
7397,mexican
29088,italian
33085,french
12586,russian
21706,italian
39324,italian
28869,french
47150,french
24379,spanish
23096,greek
33242,mexican
44633,italian
15207,thai
46638,french
11557,indian
40978,brazilian
42450,southern_us
28141,mexican
33644,thai
23541,japanese
22122,chinese
37980,brazilian
14546,russian
1912,indian
23392,italian
3187,japanese
13497,french
36490,jamaican
20268,indian
17874,italian
23707,mexican
30749,jamaican
35759,mexican
7309,chinese
5697,indian
42312,korean
27861,italian
21097,mexican
7218,mexican
24032,chinese
42593,greek
5493,indian
9107,chinese
28117,filipino
42481,cajun_creole
26691,indian
20185,italian
29573,italian
30237,french
36251,indian
44571,british
16429,japanese
42816,japanese
31340,french
19036,cajun_creole
28386,french
14967,italian
46877,cajun_creole
36485,mexican
15288,southern_us
5263,russian
37443,southern_us
5380,italian
2949,korean
11478,french
44785,british
11027,italian
47409,italian
560,mexican
19683,moroccan
29991,mexican
28045,mexican
10248,mexican
42535,moroccan
43249,french
14155,brazilian
36138,italian
11088,italian
49072,mexican
27913,japanese
13633,italian
22189,thai
35041,japanese
3406,italian
3914,french
20748,moroccan
46896,italian
9239,cajun_creole
26564,italian
20804,italian
6992,italian
14598,mexican
3736,spanish
5075,indian
48558,indian
14832,italian
1642,cajun_creole
14036,vietnamese
20794,southern_us
20251,italian
13206,greek
35930,italian
35001,mexican
35139,indian
14876,italian
46135,mexican
2631,southern_us
36473,italian
28546,greek
23432,southern_us
45274,mexican
32007,mexican
43941,chinese
44108,southern_us
17495,chinese
24304,mexican
29533,chinese
45508,italian
1896,mexican
21954,indian
34436,indian
37667,southern_us
27381,mexican
25638,southern_us
35150,indian
41727,southern_us
16184,french
42058,british
49212,moroccan
42766,korean
45569,brazilian
37011,french
38942,korean
43392,italian
16072,french
38484,brazilian
28064,thai
44836,southern_us
479,chinese
1285,french
5597,italian
35773,thai
45106,greek
8303,italian
24288,italian
5147,mexican
36207,italian
13083,italian
31917,chinese
41977,southern_us
28898,mexican
2934,brazilian
26527,greek
11409,italian
7065,chinese
8409,mexican
18973,thai
436,chinese
30887,italian
47376,italian
22713,indian
31123,southern_us
23222,indian
1538,mexican
10033,british
36856,southern_us
8466,thai
22616,cajun_creole
20800,cajun_creole
39695,southern_us
4174,cajun_creole
24443,italian
12051,mexican
26796,indian
29630,thai
45638,italian
41783,mexican
4734,japanese
17099,southern_us
15976,korean
13997,chinese
7008,mexican
39536,thai
22757,southern_us
15471,italian
12229,italian
18963,japanese
34207,moroccan
23712,mexican
49245,greek
13983,chinese
8921,greek
20627,mexican
48557,southern_us
3093,brazilian
35715,italian
16461,indian
16584,mexican
24371,cajun_creole
40844,southern_us
39804,french
11361,mexican
32500,thai
27522,greek
28622,chinese
44021,italian
27535,italian
48319,british
30781,indian
37939,greek
2695,japanese
43701,chinese
35864,italian
37819,mexican
28445,greek
26538,french
17445,italian
20949,brazilian
27760,french
44458,french
9206,mexican
15841,french
16233,italian
37377,japanese
33217,japanese
30411,italian
32798,southern_us
35804,mexican
34170,french
16664,french
46475,spanish
45178,greek
21614,cajun_creole
38441,southern_us
32601,moroccan
33123,indian
5223,mexican
21634,italian
29142,italian
28694,italian
7643,mexican
42473,brazilian
16959,irish
2166,indian
10889,cajun_creole
46129,southern_us
34808,french
32721,mexican
20421,french
1603,irish
42424,french
39203,spanish
29282,japanese
13067,mexican
16683,spanish
4110,french
28519,french
23555,southern_us
5559,southern_us
37184,french
30872,chinese
11991,indian
25211,chinese
43484,indian
859,southern_us
35783,mexican
2303,greek
24653,chinese
19834,korean
33041,southern_us
46444,mexican
3544,russian
37182,indian
7079,french
33038,french
864,chinese
7711,french
3174,vietnamese
30087,southern_us
44914,italian
35700,mexican
18675,italian
7906,korean
12335,irish
41280,italian
43261,irish
8000,thai
47257,mexican
33533,chinese
47261,korean
46868,cajun_creole
38848,italian
39546,mexican
30705,chinese
2105,indian
20475,southern_us
10855,french
33188,moroccan
24176,italian
9842,mexican
43118,mexican
37439,southern_us
28512,italian
9435,japanese
20666,mexican
27195,mexican
13779,chinese
45784,italian
17561,mexican
9769,thai
20731,italian
48082,italian
1860,italian
10984,korean
16102,mexican
45312,jamaican
42487,italian
11184,mexican
32706,cajun_creole
38371,southern_us
3645,italian
2211,japanese
10874,italian
9878,mexican
21644,british
23073,mexican
8298,mexican
20434,italian
36233,mexican
40151,british
32969,italian
43457,cajun_creole
23019,italian
23113,indian
37669,italian
13357,jamaican
47971,japanese
26125,korean
33132,cajun_creole
4332,mexican
32385,indian
46736,mexican
18092,korean
33847,mexican
32408,thai
49394,mexican
35491,mexican
9652,vietnamese
29078,moroccan
23634,mexican
251,vietnamese
13615,southern_us
14955,southern_us
9416,chinese
13716,chinese
10137,indian
7603,southern_us
47838,greek
15710,french
41051,indian
34819,mexican
3841,southern_us
19253,thai
39393,mexican
27374,vietnamese
46245,mexican
39961,italian
25418,italian
45675,french
26944,moroccan
48746,italian
8780,french
46562,korean
35285,korean
28691,mexican
26710,italian
29546,mexican
22545,southern_us
3317,mexican
10024,french
2320,chinese
24729,italian
25837,indian
36677,italian
38564,southern_us
18390,mexican
12941,italian
15576,mexican
45861,russian
30249,southern_us
9208,brazilian
20039,chinese
14706,italian
31000,southern_us
31898,indian
27743,southern_us
25376,italian
44722,mexican
17637,italian
38640,indian
13180,thai
23286,french
19901,italian
2056,mexican
42087,southern_us
35298,italian
18014,irish
6075,cajun_creole
23921,chinese
38550,british
2840,mexican
28128,cajun_creole
17857,italian
24061,italian
13737,mexican
2529,southern_us
3000,italian
7372,southern_us
30870,moroccan
41863,filipino
44850,french
23597,italian
48683,italian
5812,vietnamese
17276,italian
47849,mexican
15718,french
37134,chinese
24485,thai
20581,chinese
43450,greek
23172,british
16473,french
28856,irish
9183,italian
29514,cajun_creole
15184,greek
42580,french
27278,southern_us
36091,greek
34726,mexican
22961,mexican
29407,french
25209,italian
10283,thai
2927,chinese
11601,british
36554,french
23185,italian
49206,cajun_creole
8495,italian
35659,indian
44357,indian
1606,italian
12664,mexican
26894,greek
33512,italian
15979,indian
41320,southern_us
19982,cajun_creole
44347,southern_us
30028,greek
14966,italian
15294,southern_us
30664,italian
41347,mexican
35962,russian
26790,cajun_creole
9931,southern_us
38086,moroccan
34150,italian
14034,french
28007,french
39939,italian
48274,southern_us
21802,mexican
1805,italian
2230,chinese
16582,moroccan
43955,mexican
47226,chinese
38222,southern_us
29364,mexican
31439,southern_us
24977,southern_us
37970,italian
26993,japanese
33996,spanish
335,indian
2351,filipino
36336,french
16393,mexican
47057,moroccan
29149,jamaican
42514,italian
15276,cajun_creole
38013,japanese
39867,italian
23897,french
24873,mexican
35796,italian
5359,filipino
17517,cajun_creole
29922,indian
35342,cajun_creole
45899,chinese
32085,italian
1911,indian
36675,vietnamese
5608,thai
4023,mexican
23676,french
6236,italian
32347,korean
7803,italian
13007,italian
4687,italian
26230,mexican
5631,southern_us
39531,chinese
10009,japanese
42591,southern_us
30160,chinese
15390,cajun_creole
34864,cajun_creole
7424,mexican
13335,italian
43445,italian
40343,italian
48361,southern_us
347,italian
6150,french
25693,southern_us
23602,italian
27014,japanese
40384,southern_us
19786,italian
30439,indian
21150,irish
30305,indian
161,french
46223,mexican
29522,italian
13350,japanese
19841,italian
39267,chinese
32325,mexican
46421,thai
23863,mexican
47088,british
14900,irish
21817,french
10530,greek
16029,italian
19529,korean
5478,italian
29041,italian
13505,spanish
8548,japanese
38443,italian
24817,southern_us
15332,mexican
30701,thai
20431,mexican
48284,mexican
24533,southern_us
18682,indian
40344,spanish
18338,southern_us
3061,southern_us
49683,brazilian
8363,japanese
42039,greek
43053,vietnamese
9164,french
37444,southern_us
5814,southern_us
45573,thai
25117,italian
2882,italian
49668,italian
43315,italian
32781,mexican
45481,french
3941,filipino
33942,italian
25951,southern_us
39922,mexican
3082,korean
9635,mexican
9405,irish
38941,chinese
47031,italian
8521,mexican
41832,italian
36853,mexican
40099,cajun_creole
21102,korean
44381,italian
42880,mexican
43222,vietnamese
36325,cajun_creole
29723,mexican
38372,italian
46322,southern_us
17923,italian
37293,italian
1094,italian
6215,southern_us
9632,jamaican
31447,jamaican
47596,chinese
2859,italian
47152,mexican
20883,brazilian
21049,japanese
20422,mexican
37403,vietnamese
7836,french
601,southern_us
19770,french
301,mexican
20052,filipino
37108,filipino
48930,greek
29513,cajun_creole
568,russian
2044,southern_us
33329,southern_us
43468,korean
39595,southern_us
38049,italian
19838,thai
6862,japanese
4991,mexican
9756,southern_us
2266,french
20844,italian
38479,italian
36966,italian
36735,vietnamese
25893,southern_us
12166,british
20758,italian
28619,southern_us
43576,chinese
23605,indian
48616,mexican
46784,southern_us
37163,korean
14399,french
27833,spanish
47059,chinese
9399,italian
22216,irish
37826,french
38252,thai
25776,mexican
3456,southern_us
44498,mexican
44271,moroccan
9484,spanish
26784,indian
17510,italian
4842,thai
26397,russian
30450,thai
1906,irish
1744,spanish
49010,italian
22728,southern_us
34942,chinese
48055,indian
28505,mexican
37117,mexican
45872,chinese
23241,british
39785,mexican
36902,indian
16779,thai
29219,mexican
19578,italian
49633,mexican
46761,mexican
26888,mexican
10929,southern_us
41596,italian
12118,moroccan
49588,indian
21913,southern_us
730,italian
41656,southern_us
39754,french
31569,mexican
12598,japanese
20011,french
39220,italian
27032,filipino
20636,italian
6645,italian
30715,chinese
18807,italian
34649,italian
10853,italian
7260,italian
47383,french
48537,irish
36285,italian
11778,mexican
3910,italian
3154,chinese
1197,cajun_creole
29289,british
7969,chinese
44809,filipino
47262,italian
15540,mexican
41840,southern_us
48293,thai
10501,mexican
42664,italian
17537,italian
11798,french
36964,british
19811,vietnamese
6380,indian
3414,chinese
35492,italian
41973,indian
4476,southern_us
12364,indian
12761,italian
48934,southern_us
35222,indian
10037,korean
24153,italian
39351,chinese
46198,indian
41708,cajun_creole
14396,thai
28840,french
5422,greek
6786,italian
48995,french
38623,indian
37273,mexican
36044,mexican
15583,indian
35270,italian
9538,italian
24803,greek
12201,greek
21929,mexican
22466,cajun_creole
7106,southern_us
10534,mexican
22912,french
9279,chinese
42862,southern_us
24541,southern_us
21851,italian
14532,french
9551,indian
42562,mexican
48453,italian
41458,mexican
6577,italian
44628,cajun_creole
21063,chinese
41461,mexican
24891,russian
12328,thai
33433,thai
14441,french
17341,chinese
21503,british
32521,indian
31186,mexican
23153,french
26735,spanish
28680,southern_us
4787,mexican
24232,jamaican
19329,italian
5537,mexican
26334,southern_us
1359,moroccan
29584,thai
36907,mexican
8665,indian
23654,japanese
12341,italian
12945,indian
44157,thai
6230,french
26999,southern_us
30787,thai
49576,mexican
36676,italian
6433,mexican
35856,french
10402,chinese
4372,italian
47033,mexican
49319,southern_us
1761,italian
37878,mexican
14874,indian
36578,thai
42350,italian
48645,mexican
9148,mexican
40579,irish
6611,southern_us
9966,italian
10694,french
14700,southern_us
48260,cajun_creole
10683,indian
31205,indian
39302,italian
5856,spanish
26759,indian
40615,mexican
37416,filipino
9616,italian
15848,southern_us
20131,chinese
46225,greek
17082,italian
23322,mexican
3310,japanese
21602,spanish
34153,southern_us
35212,chinese
15754,french
32484,chinese
31721,chinese
9478,southern_us
34013,italian
12963,british
23993,italian
12285,greek
17061,southern_us
15339,chinese
7520,italian
37431,italian
8417,italian
6971,french
18429,french
34999,italian
2570,french
24775,chinese
15438,southern_us
222,italian
25594,italian
47099,mexican
18940,mexican
18944,southern_us
18578,southern_us
48003,mexican
28556,filipino
12090,chinese
15742,southern_us
27273,chinese
20870,mexican
8109,mexican
40659,french
12016,italian
34867,french
915,mexican
16694,southern_us
48628,italian
24813,italian
32555,thai
10941,southern_us
9507,thai
10811,cajun_creole
6568,irish
40520,chinese
46016,chinese
6749,southern_us
41810,mexican
22038,italian
42213,chinese
4931,mexican
31975,chinese
26343,japanese
48718,italian
35367,italian
12802,mexican
29763,southern_us
30730,mexican
26664,spanish
49276,southern_us
43082,mexican
10977,british
9751,japanese
32722,thai
41301,moroccan
22294,vietnamese
14255,japanese
26721,italian
15138,italian
7511,southern_us
25867,thai
25452,indian
7248,italian
5557,greek
29432,italian
48103,italian
46217,mexican
20212,chinese
18450,italian
32132,chinese
7171,indian
25356,japanese
2094,french
47109,indian
24896,cajun_creole
43720,southern_us
29102,brazilian
82,indian
4998,mexican
1199,mexican
14290,jamaican
43614,chinese
21493,mexican
8374,italian
42818,italian
25943,southern_us
34668,mexican
5019,indian
42780,brazilian
35423,chinese
26915,italian
27911,moroccan
39794,french
17026,italian
43770,italian
3791,indian
47911,korean
1739,vietnamese
5529,thai
21199,italian
18857,vietnamese
6101,spanish
3453,italian
9803,indian
6766,french
25521,mexican
12256,southern_us
11377,mexican
37882,indian
48646,italian
13308,italian
24738,italian
29935,italian
11719,indian
30121,italian
15328,southern_us
32890,french
49637,cajun_creole
9129,french
4042,mexican
124,japanese
38265,japanese
18918,thai
28145,mexican
35538,indian
22787,mexican
31213,japanese
9889,indian
21912,moroccan
5189,chinese
46542,chinese
29638,mexican
32573,thai
29480,italian
38316,greek
19573,japanese
41431,british
10937,russian
40453,italian
20738,italian
18474,mexican
11668,russian
14395,italian
3118,british
8451,cajun_creole
45262,italian
34249,greek
7434,southern_us
28032,italian
42359,indian
20087,chinese
18374,southern_us
36331,jamaican
26554,mexican
24384,french
42122,chinese
45491,italian
42641,southern_us
23621,indian
47979,southern_us
14460,vietnamese
9310,mexican
3696,greek
32329,southern_us
36486,italian
39873,italian
35340,italian
9033,mexican
13248,italian
46862,italian
12628,indian
26802,indian
37883,french
26706,cajun_creole
15049,filipino
12621,italian
29465,french
23927,southern_us
29470,southern_us
29130,french
22454,spanish
8607,italian
48996,southern_us
28307,french
36733,french
44124,southern_us
21217,mexican
37009,filipino
33514,indian
40607,mexican
35294,indian
28884,southern_us
40194,southern_us
42509,chinese
21991,brazilian
23827,italian
6464,mexican
44203,italian
17997,irish
24299,indian
2677,southern_us
48275,irish
11413,spanish
38048,southern_us
28354,mexican
39622,italian
39407,greek
26189,filipino
34075,french
24356,greek
10842,cajun_creole
2576,mexican
34886,mexican
40997,irish
16647,french
11160,thai
8126,japanese
47239,chinese
45562,southern_us
11441,cajun_creole
27658,french
41410,moroccan
27293,italian
5809,southern_us
22268,greek
48824,mexican
11915,southern_us
10727,mexican
35557,mexican
32309,korean
48048,indian
19031,french
12158,cajun_creole
9783,chinese
29632,italian
10573,mexican
10203,french
18082,russian
38804,italian
35924,french
35250,italian
25349,filipino
20331,spanish
42894,southern_us
40125,italian
38411,chinese
49380,japanese
28901,italian
8509,chinese
29593,greek
16135,mexican
36774,thai
28276,italian
9986,filipino
2636,cajun_creole
38573,brazilian
16480,southern_us
27272,italian
21098,indian
31040,italian
13416,vietnamese
26873,chinese
34474,moroccan
3689,italian
17837,chinese
40386,japanese
3433,southern_us
20521,italian
3807,italian
457,mexican
22831,filipino
39055,cajun_creole
43405,indian
29085,chinese
45663,mexican
32801,cajun_creole
10831,mexican
15447,italian
20046,japanese
12597,mexican
8193,mexican
15298,italian
30840,cajun_creole
4267,thai
49144,southern_us
3041,italian
25845,cajun_creole
4396,mexican
2217,italian
10273,chinese
2520,mexican
44299,french
2877,italian
48097,japanese
37975,italian
33062,french
37879,italian
10599,mexican
44154,mexican
9580,italian
32557,french
38607,greek
2888,italian
21725,southern_us
29747,southern_us
43685,mexican
8117,french
14951,british
16720,vietnamese
47714,mexican
24352,italian
21172,french
20712,italian
38143,southern_us
45593,korean
9881,greek
2590,italian
34664,japanese
49629,southern_us
21631,indian
9873,korean
35204,italian
35368,mexican
22296,irish
41976,filipino
38351,jamaican
12246,french
13877,indian
34208,spanish
31352,southern_us
19457,brazilian
1685,spanish
33178,southern_us
41601,cajun_creole
21132,brazilian
22177,italian
46835,thai
43187,french
29178,british
18671,greek
48758,chinese
47400,filipino
18118,mexican
37018,cajun_creole
19474,greek
4285,thai
35609,korean
2650,southern_us
15158,cajun_creole
40834,thai
46413,italian
5870,italian
9406,korean
48038,indian
29625,mexican
30921,southern_us
4598,indian
38754,japanese
20211,indian
6741,brazilian
27050,french
26206,russian
15371,chinese
38074,french
23248,greek
24294,cajun_creole
17171,mexican
27617,southern_us
44258,southern_us
6959,italian
44686,mexican
45212,southern_us
19435,southern_us
19508,southern_us
32068,japanese
49044,southern_us
32841,french
24048,cajun_creole
15613,british
29472,french
7227,mexican
24608,mexican
46869,vietnamese
41463,thai
48083,indian
17804,thai
30487,italian
17671,italian
39742,mexican
16892,mexican
15017,italian
37448,greek
29841,mexican
3542,italian
8418,italian
35096,french
25859,japanese
10686,french
49156,japanese
43234,british
16200,irish
15817,italian
17513,mexican
32332,french
32486,indian
44855,italian
11910,moroccan
12354,southern_us
30127,italian
5911,southern_us
27086,chinese
28376,british
20941,southern_us
29,cajun_creole
28085,british
8309,irish
18748,southern_us
38151,moroccan
12629,mexican
47754,mexican
15142,indian
45912,french
21520,italian
5040,mexican
12912,italian
47677,italian
48069,japanese
5348,southern_us
4176,indian
32809,japanese
35858,italian
18055,british
33380,mexican
27084,mexican
30098,italian
4908,french
40029,french
26539,mexican
32323,thai
41003,chinese
31134,italian
32475,mexican
25786,italian
13435,italian
11983,japanese
3409,thai
30108,italian
18678,italian
15275,moroccan
39398,japanese
48615,french
25042,vietnamese
17245,italian
31915,italian
19363,italian
26806,cajun_creole
48351,irish
5001,french
16941,french
27448,french
3053,southern_us
5323,korean
33994,italian
36436,cajun_creole
18966,greek
26644,italian
34222,japanese
6431,italian
26132,indian
7122,italian
21882,french
25104,japanese
10507,mexican
22246,greek
19397,mexican
5788,moroccan
44398,mexican
30534,chinese
30564,indian
5517,indian
41268,italian
17697,indian
21576,italian
44748,mexican
7161,italian
28006,spanish
31026,mexican
42064,greek
9964,italian
5932,french
7880,mexican
19765,mexican
49087,chinese
49416,italian
13468,southern_us
22162,spanish
19862,british
3858,greek
11765,korean
45276,mexican
28244,indian
17296,mexican
11979,japanese
1399,irish
43657,mexican
6784,italian
23611,southern_us
11064,british
42142,italian
13707,mexican
2220,cajun_creole
38439,french
17832,chinese
25478,italian
12558,french
29787,indian
46832,chinese
6768,japanese
5641,jamaican
44761,italian
13399,thai
37520,indian
46878,southern_us
10473,southern_us
36837,italian
14,italian
8849,indian
17880,cajun_creole
28635,french
45955,chinese
20320,southern_us
35780,moroccan
40403,southern_us
31193,chinese
46453,russian
21050,italian
47040,french
15096,thai
7913,italian
11047,southern_us
16118,brazilian
31625,indian
34315,irish
45602,mexican
43725,mexican
2748,chinese
17046,french
11635,italian
8401,french
24290,chinese
32654,thai
17353,italian
37324,southern_us
21425,korean
34817,southern_us
19274,mexican
18331,indian
16936,southern_us
41214,thai
12153,korean
12711,italian
26246,french
15002,mexican
5887,mexican
30126,southern_us
3167,brazilian
39429,italian
40981,greek
7522,irish
2986,italian
16899,chinese
1858,mexican
11174,italian
41388,southern_us
40294,italian
19315,southern_us
15361,moroccan
37554,thai
38544,indian
19645,italian
12489,southern_us
40924,italian
45997,mexican
47497,southern_us
31504,indian
28783,indian
12385,mexican
39031,spanish
39911,cajun_creole
46643,greek
39306,irish
34633,cajun_creole
28735,spanish
14592,italian
9672,italian
15425,jamaican
15106,irish
24547,italian
42389,italian
5648,italian
12611,mexican
47855,mexican
6653,indian
31131,chinese
3400,indian
25279,southern_us
29595,thai
36942,indian
14401,italian
37932,italian
17216,italian
31537,vietnamese
25216,italian
43772,mexican
15960,french
6927,italian
14890,mexican
43203,italian
37625,greek
42762,southern_us
22337,mexican
7344,mexican
44930,cajun_creole
32152,italian
22846,french
7813,italian
30366,mexican
28443,italian
40048,vietnamese
43005,chinese
34611,cajun_creole
38149,italian
35763,british
17463,jamaican
24447,southern_us
49329,southern_us
32606,moroccan
31135,mexican
24857,mexican
43993,italian
34483,italian
23266,indian
44601,filipino
39199,italian
8221,mexican
21726,italian
25501,italian
31197,cajun_creole
32406,cajun_creole
48720,italian
30196,cajun_creole
36154,italian
1097,chinese
31257,moroccan
40695,spanish
45137,mexican
38918,italian
48270,chinese
46319,italian
11169,french
44614,chinese
6445,mexican
49606,mexican
29581,thai
16033,indian
12064,jamaican
31158,thai
40196,mexican
32556,italian
30338,jamaican
19262,italian
14909,chinese
46980,mexican
36777,mexican
42315,thai
22284,brazilian
44512,french
48818,southern_us
31978,mexican
7437,irish
32775,indian
30868,italian
12404,korean
6491,vietnamese
23330,japanese
36750,mexican
14181,southern_us
43321,italian
18382,italian
29420,italian
25141,thai
19368,vietnamese
49018,mexican
8770,italian
32051,indian
4880,southern_us
17235,indian
14905,indian
4321,italian
9146,mexican
9354,mexican
46089,moroccan
49533,italian
18653,chinese
16407,spanish
21165,moroccan
14001,spanish
45063,french
15085,vietnamese
17571,chinese
20886,italian
14055,chinese
14383,indian
48088,mexican
23935,indian
39869,mexican
20685,southern_us
18190,southern_us
30103,mexican
30678,indian
1165,italian
39716,french
663,italian
43011,cajun_creole
8017,chinese
5083,italian
45926,southern_us
9691,indian
15162,british
23653,french
45382,indian
15167,mexican
17295,southern_us
44876,mexican
5340,indian
28728,japanese
10583,mexican
6518,italian
37901,russian
33771,mexican
5650,italian
13824,greek
41653,mexican
31291,southern_us
39927,vietnamese
3674,moroccan
37959,italian
4728,thai
7276,italian
33011,southern_us
27227,mexican
33352,thai
6861,french
27138,indian
47193,southern_us
44253,southern_us
2647,mexican
19127,cajun_creole
23726,mexican
35942,indian
19510,spanish
49126,indian
10940,southern_us
44445,italian
24966,korean
36788,indian
42002,southern_us
41334,italian
33103,italian
29804,mexican
13932,thai
26333,italian
1994,southern_us
17661,russian
25048,mexican
33083,italian
48489,mexican
43876,southern_us
31495,italian
30029,greek
46092,italian
7987,mexican
48880,mexican
32294,japanese
19214,mexican
6118,moroccan
46880,italian
16244,indian
24842,japanese
37517,italian
8391,italian
35727,mexican
31023,southern_us
12738,italian
48787,southern_us
33001,indian
36051,mexican
9359,french
7527,chinese
37300,indian
28316,mexican
25362,italian
32719,italian
10779,southern_us
31037,southern_us
36229,mexican
14076,italian
35730,irish
46013,italian
8386,russian
33434,italian
11277,southern_us
35641,jamaican
14924,french
7300,thai
44479,italian
26233,southern_us
36010,french
6279,moroccan
21615,mexican
26357,southern_us
1312,chinese
10104,indian
14856,french
12776,indian
18115,greek
31814,mexican
32685,cajun_creole
18161,mexican
30406,southern_us
10463,italian
20716,indian
19391,mexican
5132,french
2886,mexican
9060,mexican
10755,chinese
9657,chinese
1825,cajun_creole
19687,italian
3484,greek
22577,indian
36685,mexican
1689,greek
44477,chinese
45847,japanese
37950,italian
20313,thai
6801,italian
11820,southern_us
11647,cajun_creole
28978,filipino
159,mexican
34472,italian
25512,cajun_creole
14750,mexican
16773,jamaican
36716,southern_us
1818,mexican
39382,southern_us
16109,mexican
43006,greek
38442,italian
44198,korean
40633,french
5934,spanish
35921,thai
2635,southern_us
39971,italian
21345,southern_us
994,thai
33811,french
37699,brazilian
33914,mexican
43980,vietnamese
18434,mexican
48877,korean
22188,mexican
49315,greek
7212,indian
2904,southern_us
11115,italian
798,italian
1408,mexican
7870,mexican
7044,cajun_creole
42677,indian
34327,greek
5071,chinese
10269,southern_us
5271,greek
32206,italian
13840,mexican
23197,chinese
7143,thai
21215,french
45575,french
43961,vietnamese
31120,russian
44045,mexican
29156,indian
16577,chinese
16505,mexican
29009,french
31650,irish
41113,vietnamese
10214,mexican
24216,indian
23194,cajun_creole
6874,mexican
8685,italian
46167,italian
5661,korean
49515,cajun_creole
42590,mexican
18703,mexican
40965,mexican
9950,italian
18921,mexican
4988,mexican
6774,korean
40558,mexican
29322,mexican
9160,thai
10051,mexican
29713,mexican
3919,mexican
44680,greek
47747,southern_us
28588,spanish
49437,cajun_creole
28900,vietnamese
29684,italian
29032,italian
44953,thai
8661,italian
28882,southern_us
43853,italian
26018,korean
10325,mexican
30205,chinese
4256,mexican
35332,italian
35896,indian
24542,japanese
38560,italian
44438,french
24770,italian
15757,southern_us
12244,indian
41227,southern_us
28803,southern_us
47593,mexican
33226,japanese
47735,southern_us
12249,cajun_creole
20861,mexican
35101,mexican
43338,vietnamese
43636,mexican
9592,italian
8752,mexican
37084,indian
44993,southern_us
44974,italian
21561,southern_us
16350,spanish
21843,mexican
39514,italian
48976,southern_us
35327,british
31277,indian
23644,spanish
48809,japanese
21030,french
16742,italian
10491,italian
14595,filipino
7243,moroccan
14659,indian
13510,british
7408,mexican
39359,mexican
14027,italian
21807,irish
3759,southern_us
39837,cajun_creole
37226,russian
1568,mexican
19162,italian
25099,mexican
25555,italian
35844,italian
12791,thai
6975,mexican
4868,jamaican
37391,mexican
40063,japanese
1809,chinese
19926,spanish
14273,italian
48858,chinese
33900,mexican
24850,chinese
13551,italian
34401,indian
36217,italian
28311,mexican
8646,southern_us
21075,japanese
24758,chinese
22486,mexican
11745,italian
24282,southern_us
4291,italian
13012,moroccan
44984,mexican
3849,southern_us
43128,chinese
27491,chinese
37338,mexican
40923,italian
19758,indian
19855,irish
1021,korean
47176,italian
34447,chinese
28019,chinese
28925,chinese
3593,italian
3454,spanish
18594,mexican
36023,mexican
25039,jamaican
19904,italian
47522,mexican
7586,italian
3121,italian
24085,italian
12046,southern_us
48817,mexican
47773,british
12804,indian
17523,filipino
6139,italian
39381,mexican
34273,italian
956,italian
43539,indian
38793,irish
2939,indian
19732,mexican
9471,cajun_creole
32252,italian
4287,italian
23074,spanish
1109,italian
38500,italian
37708,southern_us
32686,greek
45679,mexican
45503,chinese
10329,chinese
21070,italian
29782,french
23973,mexican
9179,southern_us
12613,italian
38767,japanese
31843,italian
22099,italian
24465,indian
26297,southern_us
27122,mexican
30385,french
25535,indian
41204,greek
31642,italian
11229,korean
23612,jamaican
35764,spanish
24986,southern_us
40975,southern_us
43279,italian
48496,mexican
8100,indian
29493,indian
29357,mexican
30426,chinese
29147,italian
44905,italian
25434,mexican
13232,italian
6428,southern_us
39950,chinese
7334,southern_us
41875,mexican
6257,italian
5835,southern_us
36288,italian
48133,indian
41714,italian
31167,mexican
42050,vietnamese
30274,russian
37099,mexican
40206,southern_us
42136,jamaican
12620,southern_us
32097,french
5062,mexican
33034,italian
722,cajun_creole
23022,french
49522,italian
3382,mexican
42119,mexican
43124,indian
7806,italian
12769,french
41049,italian
37080,mexican
34397,mexican
44086,japanese
16793,italian
40503,mexican
669,french
2826,southern_us
15902,british
42120,brazilian
14307,italian
49273,mexican
39893,southern_us
836,spanish
35299,italian
34223,chinese
16973,italian
13452,italian
8542,southern_us
33385,thai
48764,vietnamese
9677,thai
25013,italian
37228,brazilian
40653,mexican
34455,indian
24138,vietnamese
32223,southern_us
38822,japanese
38165,french
31178,italian
12471,italian
34254,indian
20467,mexican
18296,mexican
13987,greek
48691,korean
34172,mexican
13491,korean
46519,mexican
39575,chinese
24185,french
6138,chinese
17314,southern_us
40033,mexican
8136,indian
45285,mexican
2530,french
28288,french
19547,mexican
45182,italian
38531,spanish
8753,italian
48704,italian
21832,southern_us
29360,japanese
18605,moroccan
13022,southern_us
33243,mexican
13085,indian
11972,brazilian
42007,korean
19574,indian
40185,french
27521,mexican
28122,filipino
12052,japanese
23892,southern_us
22750,cajun_creole
3341,mexican
49158,french
22104,japanese
21236,chinese
473,french
44678,southern_us
4025,southern_us
4625,indian
18387,mexican
19648,french
39078,cajun_creole
14708,jamaican
23939,mexican
31574,italian
44115,chinese
15109,greek
21230,thai
304,italian
13500,italian
17974,italian
19689,indian
9395,thai
3019,italian
21080,southern_us
355,greek
48040,brazilian
21996,italian
12487,french
22927,mexican
28799,italian
4579,indian
36080,thai
40263,french
31497,mexican
33013,mexican
8623,southern_us
38093,italian
21385,indian
1598,southern_us
15854,thai
27159,jamaican
19222,southern_us
23123,chinese
43535,italian
45069,italian
5354,southern_us
44691,greek
48099,jamaican
32542,mexican
42644,chinese
49080,indian
35808,french
31079,spanish
46183,southern_us
31542,french
19676,vietnamese
38034,italian
48736,french
9102,indian
28961,chinese
32660,mexican
10716,korean
29617,southern_us
48990,mexican
24725,mexican
47541,italian
6973,italian
48464,southern_us
10969,mexican
34969,moroccan
14114,mexican
21581,british
18408,mexican
21577,southern_us
9480,french
40602,mexican
6673,cajun_creole
42082,british
40499,italian
38800,mexican
17658,greek
7748,brazilian
12841,indian
23385,mexican
23547,french
31771,chinese
28625,italian
17503,italian
11562,vietnamese
15618,indian
49256,japanese
46687,italian
37250,mexican
16550,korean
14239,mexican
34409,southern_us
12284,italian
39504,french
29587,italian
32495,indian
38001,mexican
46174,spanish
24241,mexican
847,japanese
33735,italian
4681,southern_us
36757,korean
34768,mexican
21837,japanese
42446,italian
31555,japanese
2725,french
16770,russian
3288,italian
31466,chinese
25784,indian
46329,southern_us
14687,british
16982,filipino
41650,irish
26574,korean
35668,brazilian
39223,italian
10291,cajun_creole
18233,indian
15585,indian
7982,thai
37265,japanese
4775,southern_us
17177,mexican
41041,mexican
1444,french
32257,indian
17153,greek
8537,french
346,mexican
35645,irish
34968,french
31031,chinese
6035,french
23520,indian
43779,southern_us
49706,indian
29244,indian
26687,indian
37299,mexican
10873,chinese
26236,mexican
38944,cajun_creole
29441,italian
45480,thai
22875,japanese
865,mexican
19250,italian
27537,southern_us
23303,mexican
21243,filipino
41608,spanish
34700,japanese
48298,indian
13719,irish
46576,mexican
43288,italian
3539,vietnamese
33348,italian
38124,italian
8562,mexican
25431,italian
10373,southern_us
20682,italian
21858,italian
49111,southern_us
13343,italian
43599,italian
21136,southern_us
29793,french
12511,italian
48661,italian
45729,irish
15347,cajun_creole
14304,mexican
8684,korean
29831,italian
48439,spanish
27613,southern_us
47544,spanish
15432,mexican
17893,indian
32870,irish
13445,spanish
22821,italian
6348,mexican
21723,greek
16622,french
33475,italian
24914,italian
3043,chinese
33122,chinese
43126,italian
13428,italian
10362,mexican
12907,indian
1855,chinese
43861,russian
37814,indian
32560,italian
28338,chinese
13434,italian
34057,chinese
14359,thai
44906,japanese
49594,indian
42917,italian
12412,italian
22429,mexican
5834,italian
3956,italian
25080,korean
46715,italian
35526,italian
8324,french
31126,indian
10187,chinese
28391,mexican
22291,indian
7198,chinese
2961,chinese
33786,thai
18096,italian
42750,chinese
6142,mexican
33266,italian
5332,cajun_creole
25148,french
6539,italian
38995,indian
28489,french
35104,jamaican
3798,british
27105,italian
37027,cajun_creole
5959,italian
16260,russian
45092,british
1287,cajun_creole
26146,italian
616,chinese
15663,mexican
38084,french
26591,indian
23568,mexican
10748,italian
34374,chinese
16746,french
47068,italian
47312,mexican
18916,french
34227,mexican
10902,mexican
42563,italian
21850,italian
21323,cajun_creole
26296,french
17039,cajun_creole
23258,southern_us
23700,italian
9444,italian
45045,indian
11709,southern_us
16474,british
31160,italian
14901,mexican
27006,chinese
1875,southern_us
2195,greek
38524,southern_us
6123,italian
4927,japanese
43004,french
11243,mexican
18031,greek
24866,indian
967,mexican
15173,greek
6280,italian
39584,chinese
14221,korean
44308,chinese
4292,indian
43851,southern_us
14607,mexican
11731,mexican
35272,mexican
18103,mexican
37646,italian
12326,thai
11488,indian
16444,indian
35404,cajun_creole
22649,italian
8737,british
38361,italian
5209,french
45335,southern_us
26739,mexican
49130,korean
30751,mexican
29820,cajun_creole
44541,italian
40084,southern_us
720,italian
40703,thai
45236,italian
39617,mexican
36999,southern_us
34930,indian
48501,mexican
13477,italian
15888,chinese
28662,italian
31591,indian
16639,cajun_creole
44766,italian
6726,southern_us
32436,italian
12667,filipino
48170,filipino
18789,italian
33549,french
3974,greek
25052,french
12190,indian
21884,mexican
24856,italian
3639,cajun_creole
27804,mexican
7413,mexican
39182,chinese
1241,italian
4837,mexican
11956,cajun_creole
27409,italian
20832,mexican
1697,russian
11579,british
318,thai
31620,mexican
2417,indian
16619,indian
13959,chinese
30702,cajun_creole
33956,indian
1651,spanish
34403,southern_us
42865,greek
40416,thai
9038,chinese
38740,korean
40221,mexican
49679,italian
20096,moroccan
16149,italian
11138,indian
29504,mexican
46624,irish
42266,greek
42918,italian
34281,italian
32966,mexican
40811,japanese
33906,italian
21814,indian
33797,italian
27721,chinese
23986,cajun_creole
17102,thai
11643,french
38911,indian
48154,mexican
39589,vietnamese
13676,mexican
7984,italian
38831,chinese
32812,mexican
8129,mexican
31805,indian
39385,french
4674,korean
474,vietnamese
39399,mexican
17730,cajun_creole
16734,spanish
12003,thai
33027,mexican
46605,italian
43953,french
7466,southern_us
49529,mexican
8276,vietnamese
10883,indian
33431,italian
13415,vietnamese
39826,cajun_creole
40751,french
40311,indian
37419,chinese
8815,italian
306,french
27117,moroccan
17203,cajun_creole
294,indian
26854,mexican
26561,cajun_creole
26991,italian
15559,southern_us
9256,southern_us
4411,irish
36978,indian
35097,cajun_creole
40889,southern_us
15657,japanese
35472,southern_us
6954,chinese
45925,greek
27986,mexican
27473,thai
36118,italian
18470,moroccan
49109,british
2813,southern_us
43860,french
49108,italian
40446,italian
23749,italian
33738,indian
45535,brazilian
20595,italian
18221,italian
33643,mexican
21106,italian
33885,greek
34099,mexican
12851,southern_us
18188,irish
18202,french
45743,southern_us
2624,vietnamese
49622,italian
33531,italian
20048,cajun_creole
201,thai
34423,italian
3700,greek
18051,italian
46713,italian
7187,thai
24514,mexican
17204,mexican
1329,italian
48959,mexican
28416,cajun_creole
1802,indian
29389,thai
49401,italian
23546,southern_us
42098,thai
14035,indian
33670,italian
1279,indian
31672,french
43892,italian
31308,italian
32069,chinese
6064,mexican
44104,italian
10461,southern_us
22468,cajun_creole
35084,vietnamese
18698,mexican
14728,southern_us
4803,mexican
10586,british
31254,french
5917,italian
46716,chinese
13078,southern_us
24612,mexican
13541,southern_us
2403,vietnamese
36333,italian
14990,thai
48561,southern_us
8829,french
13064,french
11284,southern_us
48674,southern_us
29883,indian
9505,italian
29318,french
17347,italian
41454,mexican
40643,moroccan
25650,italian
44114,mexican
17066,italian
19830,mexican
1349,filipino
33954,italian
23570,japanese
38515,italian
27995,mexican
5009,italian
80,southern_us
44698,cajun_creole
9348,chinese
33054,chinese
3823,italian
26469,southern_us
11642,southern_us
38190,indian
41755,southern_us
8487,italian
45815,southern_us
19211,mexican
25528,italian
46317,irish
68,japanese
25181,southern_us
24247,chinese
41585,mexican
35646,brazilian
6362,italian
49271,chinese
42168,chinese
31021,mexican
17131,mexican
9723,brazilian
47278,brazilian
41161,cajun_creole
22851,filipino
22794,thai
18259,french
27822,korean
34392,italian
17401,korean
8841,chinese
18144,southern_us
220,irish
32605,french
41536,mexican
4943,italian
31511,french
15779,chinese
23933,moroccan
40714,mexican
46437,mexican
49590,chinese
35417,italian
48304,filipino
11005,italian
24034,french
5098,spanish
30502,cajun_creole
27636,italian
23484,french
2177,italian
20516,mexican
8399,italian
39272,mexican
30507,italian
18505,mexican
16262,mexican
49682,filipino
11510,cajun_creole
5418,indian
44642,southern_us
1964,italian
23134,vietnamese
39250,italian
39042,indian
8532,mexican
34235,jamaican
5515,greek
46024,mexican
47762,japanese
37755,chinese
9631,italian
1515,mexican
34231,mexican
25921,japanese
42116,southern_us
31755,indian
5411,italian
14520,southern_us
4729,mexican
48373,french
4096,southern_us
11878,southern_us
23393,mexican
3466,southern_us
42281,indian
33026,french
120,spanish
8076,italian
29755,italian
43051,french
38600,italian
18855,italian
3340,jamaican
45381,thai
42418,italian
30841,french
40529,french
5286,french
46000,southern_us
6147,indian
29086,italian
27786,mexican
40705,mexican
28646,southern_us
7868,mexican
31107,indian
39060,chinese
1262,southern_us
10713,greek
23212,italian
34241,italian
5376,italian
34876,cajun_creole
39728,cajun_creole
17382,italian
40966,mexican
972,southern_us
23766,italian
22617,southern_us
31777,italian
21261,southern_us
2508,indian
45062,russian
19654,jamaican
8847,mexican
16857,southern_us
42472,mexican
35503,southern_us
5796,southern_us
34518,greek
49340,italian
12925,italian
23794,mexican
20746,southern_us
20771,italian
20461,moroccan
2470,japanese
22464,mexican
22749,italian
24461,indian
42990,french
9660,french
32631,mexican
36181,vietnamese
34780,indian
43588,italian
27148,mexican
9664,indian
2618,southern_us
40536,southern_us
6755,korean
33547,italian
39665,chinese
44657,chinese
38729,mexican
13222,british
46726,mexican
28700,indian
38346,southern_us
8786,southern_us
11776,chinese
23609,cajun_creole
13608,chinese
9960,mexican
5689,italian
47394,filipino
35039,mexican
36935,southern_us
21762,southern_us
47833,italian
19870,french
31773,mexican
47800,indian
5152,greek
6935,mexican
25296,mexican
47101,italian
40482,japanese
6939,chinese
45228,french
20597,italian
31918,moroccan
2494,mexican
12093,japanese
38634,greek
2087,japanese
24594,spanish
27168,italian
31354,mexican
36424,chinese
40307,french
27493,southern_us
9874,french
49415,chinese
35278,vietnamese
8848,italian
33652,italian
42840,french
41763,mexican
4440,mexican
40578,mexican
47565,mexican
35007,greek
21700,chinese
24504,italian
10681,southern_us
46800,southern_us
28845,irish
20226,southern_us
41098,italian
9833,spanish
4141,moroccan
6706,cajun_creole
15744,italian
22620,moroccan
37487,italian
22445,thai
114,mexican
21343,italian
27757,indian
18956,italian
13210,russian
16700,southern_us
684,mexican
12125,cajun_creole
40387,mexican
19840,chinese
47420,italian
43682,spanish
43155,mexican
41423,moroccan
5060,chinese
1447,southern_us
38757,irish
1309,italian
22171,southern_us
37425,french
16792,italian
43945,chinese
47240,southern_us
23926,french
47779,italian
27431,filipino
49288,southern_us
3181,japanese
3465,mexican
3492,italian
21299,thai
7521,italian
2461,vietnamese
13208,southern_us
44017,mexican
33284,mexican
19215,korean
13065,southern_us
43376,vietnamese
48688,filipino
35612,british
47465,italian
41947,italian
18234,chinese
17926,indian
33200,french
13375,southern_us
772,mexican
48222,filipino
24394,italian
3615,mexican
25571,irish
23193,french
35835,japanese
30266,japanese
39346,italian
16186,italian
19204,cajun_creole
2487,thai
19661,thai
41893,italian
25419,thai
30113,italian
26329,southern_us
15369,southern_us
21395,italian
2758,moroccan
4314,indian
24555,spanish
29720,southern_us
20001,mexican
39458,southern_us
34330,thai
26933,indian
47379,spanish
10281,french
24751,italian
32754,indian
12448,indian
1925,thai
21600,mexican
15696,italian
928,cajun_creole
45920,italian
36958,italian
26321,southern_us
6267,italian
31944,southern_us
2016,italian
580,cajun_creole
15514,french
37490,chinese
4960,italian
20574,filipino
20269,chinese
7570,thai
6008,mexican
2706,mexican
20547,japanese
39888,chinese
34992,mexican
11645,moroccan
10511,mexican
2079,chinese
6197,mexican
20933,italian
6604,italian
9861,chinese
2707,filipino
13106,italian
32155,thai
30422,southern_us
1838,mexican
6135,italian
19153,cajun_creole
10417,indian
43243,indian
19109,spanish
46808,southern_us
38951,chinese
22708,southern_us
39838,russian
17293,italian
32676,brazilian
7500,italian
5727,brazilian
30979,southern_us
10465,irish
30342,korean
49716,indian
46560,italian
25738,italian
14072,italian
1800,mexican
22817,jamaican
13314,southern_us
42506,spanish
357,french
8223,italian
36408,french
36909,moroccan
22664,greek
38852,mexican
30976,japanese
2482,chinese
11116,italian
30954,greek
7752,cajun_creole
35073,french
30259,french
35431,mexican
25280,japanese
31293,french
37242,greek
45634,vietnamese
35236,italian
38045,indian
12623,southern_us
36374,italian
2175,southern_us
14806,greek
3815,southern_us
44193,mexican
14157,mexican
46046,italian
10081,french
46865,mexican
733,cajun_creole
44153,mexican
9622,italian
21578,southern_us
26911,southern_us
12039,italian
30593,french
49426,russian
21274,italian
273,italian
39701,mexican
47915,french
12550,russian
9090,italian
28765,indian
42663,mexican
14683,indian
11763,indian
43920,indian
11743,greek
32441,mexican
274,mexican
11953,vietnamese
45976,italian
38508,korean
46906,spanish
32177,french
27073,mexican
24478,cajun_creole
46960,italian
6144,indian
14344,italian
21003,mexican
33748,italian
29253,cajun_creole
29377,italian
21630,chinese
36586,italian
2726,italian
1591,italian
42579,british
37955,british
46432,mexican
22196,cajun_creole
12561,italian
9073,italian
5599,southern_us
1945,southern_us
41701,italian
45077,french
47090,italian
26434,italian
10866,italian
33227,chinese
44881,mexican
19708,indian
39338,indian
26481,spanish
11667,italian
1498,russian
37296,mexican
28991,greek
8180,british
2874,italian
1433,mexican
22163,japanese
44871,mexican
18073,mexican
39778,indian
6621,filipino
19815,mexican
37467,mexican
30064,russian
21921,french
39158,greek
22627,italian
26557,chinese
13476,italian
22934,mexican
9746,southern_us
23151,mexican
2120,french
43022,greek
21213,thai
45082,italian
35184,southern_us
48084,vietnamese
3003,chinese
17345,indian
40908,indian
19139,japanese
11237,italian
38043,french
25363,indian
48917,british
44799,cajun_creole
2599,japanese
2792,italian
43379,southern_us
45141,french
9650,cajun_creole
9864,italian
43307,italian
24171,chinese
3576,french
6414,mexican
23925,french
28027,irish
1917,irish
36357,mexican
26356,italian
30546,mexican
17790,southern_us
36492,indian
11902,italian
44186,mexican
18783,french
47016,jamaican
41380,french
41401,japanese
40505,italian
39997,indian
48569,cajun_creole
40836,italian
15986,italian
5514,italian
15938,southern_us
28481,mexican
44564,italian
15781,moroccan
45700,mexican
26081,indian
38094,chinese
41054,cajun_creole
10182,italian
17162,british
23888,italian
44715,indian
48211,southern_us
47137,greek
23648,mexican
10184,southern_us
37221,southern_us
27426,mexican
15248,chinese
43326,cajun_creole
1596,french
14196,italian
5342,korean
32971,chinese
7775,mexican
3134,french
45226,british
31025,italian
17169,thai
11500,greek
269,southern_us
31165,southern_us
8764,mexican
4317,japanese
9052,southern_us
5977,italian
38071,mexican
6456,italian
26550,cajun_creole
25180,italian
29501,mexican
26489,mexican
1571,irish
49252,mexican
48639,japanese
22702,irish
518,mexican
2699,southern_us
1826,korean
37760,italian
8717,southern_us
53,cajun_creole
49355,mexican
15444,southern_us
34961,italian
17140,cajun_creole
43129,mexican
40508,mexican
16702,italian
47868,mexican
49300,japanese
12168,italian
35455,mexican
19272,indian
35125,greek
8808,indian
30356,southern_us
35080,southern_us
38671,vietnamese
32565,french
26381,indian
45734,chinese
7787,indian
40840,indian
9510,chinese
40266,southern_us
44043,french
34211,southern_us
16945,greek
26195,mexican
34180,indian
28964,mexican
43295,southern_us
43571,mexican
14921,italian
42138,southern_us
10789,italian
7845,filipino
35427,thai
44866,mexican
31189,mexican
5013,greek
41344,italian
1680,chinese
9639,chinese
451,indian
39550,french
12362,italian
36895,southern_us
44440,thai
28895,southern_us
10516,italian
21601,indian
19985,moroccan
40123,southern_us
48526,thai
6817,mexican
189,italian
38985,italian
4881,italian
35884,mexican
45348,italian
33835,italian
22472,british
34493,french
17287,french
11893,mexican
47177,thai
49531,japanese
3720,cajun_creole
31390,southern_us
24754,mexican
30018,moroccan
14788,indian
11592,southern_us
20663,korean
36101,southern_us
14629,french
30263,southern_us
34000,italian
26322,moroccan
15880,indian
5322,chinese
4694,british
18864,french
17943,mexican
17829,mexican
44610,mexican
18790,british
28844,irish
2441,british
12142,italian
42317,italian
46543,chinese
39746,mexican
15054,chinese
46227,italian
17736,southern_us
3457,cajun_creole
15796,indian
9745,chinese
19806,italian
48008,mexican
43264,mexican
25996,thai
18348,british
48826,italian
2835,southern_us
30959,italian
38940,french
34922,italian
35902,italian
3002,chinese
13495,british
28863,italian
849,italian
47318,chinese
16278,italian
27947,indian
7318,mexican
32109,french
30399,italian
17717,french
20293,greek
24820,italian
8945,korean
19219,greek
42186,mexican
45669,mexican
39264,korean
36770,french
47307,cajun_creole
47835,mexican
11313,italian
30617,thai
15845,chinese
3238,japanese
7633,southern_us
6040,filipino
1806,mexican
6696,spanish
38075,japanese
31738,mexican
24385,southern_us
48811,indian
32278,southern_us
3855,irish
7295,chinese
41938,southern_us
190,southern_us
15654,brazilian
27765,mexican
25313,mexican
21285,italian
41897,chinese
15358,indian
25230,italian
12971,southern_us
47395,mexican
36533,southern_us
15801,southern_us
28423,mexican
9112,indian
9563,southern_us
41112,italian
27038,mexican
42890,southern_us
24849,indian
36825,french
46279,japanese
15604,mexican
8735,mexican
38152,filipino
32422,moroccan
4341,indian
24991,thai
43652,italian
32591,indian
3435,southern_us
661,southern_us
21765,spanish
38639,mexican
28835,japanese
37580,italian
37595,mexican
40584,italian
17532,mexican
25823,southern_us
6399,indian
16298,indian
45714,thai
31181,indian
35443,chinese
6063,chinese
16210,mexican
32589,spanish
4817,cajun_creole
44602,spanish
11682,chinese
40752,spanish
46468,chinese
37979,french
15252,italian
28373,italian
18407,french
8656,greek
14882,mexican
27532,italian
7047,chinese
7045,thai
48556,moroccan
3217,mexican
25224,indian
38882,southern_us
39471,italian
14130,italian
22288,italian
28395,southern_us
21964,filipino
8069,jamaican
34920,indian
5893,cajun_creole
2313,mexican
17948,italian
1361,british
32964,southern_us
33261,italian
46234,french
48574,mexican
31220,mexican
43224,indian
49189,irish
1096,japanese
35227,mexican
21482,cajun_creole
14324,mexican
21355,french
2586,cajun_creole
24730,italian
5461,southern_us
23144,chinese
43540,japanese
42734,chinese
27640,mexican
46771,italian
33516,southern_us
9339,mexican
7172,indian
30317,italian
13086,mexican
47475,italian
25557,irish
11323,italian
32956,japanese
36507,chinese
46393,chinese
38687,italian
49115,vietnamese
27928,mexican
36124,british
15197,chinese
7817,indian
39211,cajun_creole
27110,southern_us
31941,indian
43282,mexican
45259,chinese
44423,mexican
34777,italian
19476,greek
29123,southern_us
35703,italian
9851,greek
44480,mexican
40369,italian
30645,french
7489,russian
42302,southern_us
44361,mexican
21133,italian
11591,mexican
37482,mexican
745,southern_us
17672,japanese
46727,mexican
22893,french
26618,italian
24044,thai
24065,cajun_creole
2219,indian
22785,southern_us
7637,french
30319,italian
24027,french
42831,mexican
47418,southern_us
43577,italian
5683,indian
17621,indian
2916,greek
42379,indian
36952,italian
28880,thai
7986,indian
41258,italian
5274,cajun_creole
4002,irish
2681,indian
33830,russian
2643,italian
5415,italian
27303,mexican
1624,british
14428,moroccan
33752,mexican
26144,korean
11833,mexican
35899,thai
38127,italian
12082,japanese
1699,italian
45564,mexican
15584,japanese
4017,mexican
39249,thai
2887,mexican
17638,southern_us
5302,korean
46153,chinese
21857,mexican
27150,southern_us
40605,indian
40742,mexican
24968,russian
10538,thai
940,italian
10549,mexican
41556,italian
43931,irish
25116,southern_us
32744,italian
40462,chinese
49020,chinese
40744,french
44861,italian
6117,southern_us
25253,southern_us
4268,thai
30926,indian
44807,greek
21904,italian
11376,mexican
35050,french
14995,southern_us
6989,italian
16882,thai
47398,jamaican
7696,chinese
43112,indian
37716,southern_us
38263,irish
37600,russian
37002,mexican
30070,italian
22408,spanish
17826,greek
32362,italian
49482,southern_us
42438,japanese
9424,italian
26107,french
4737,mexican
874,italian
6232,mexican
5196,southern_us
19673,french
13391,chinese
47415,southern_us
35147,italian
45794,chinese
32600,moroccan
45598,italian
23378,vietnamese
49236,vietnamese
45116,mexican
10103,spanish
29555,mexican
2240,irish
21649,indian
46822,italian
36611,southern_us
18819,mexican
30291,southern_us
31496,japanese
7947,indian
26220,italian
48140,chinese
45099,italian
17655,japanese
31572,mexican
13373,southern_us
25130,chinese
6140,korean
43412,italian
28829,french
25945,italian
12421,italian
27219,mexican
43612,italian
36497,greek
1577,italian
2154,mexican
34939,korean
33888,filipino
40382,british
23717,italian
18795,italian
38153,mexican
837,italian
37249,korean
31455,southern_us
40635,french
36284,thai
32453,mexican
22639,southern_us
33576,italian
16519,mexican
30668,spanish
15651,italian
29300,italian
31851,greek
5235,mexican
13404,thai
8437,southern_us
20836,chinese
47285,indian
23348,indian
48202,japanese
21319,filipino
43642,italian
42493,mexican
45301,mexican
17580,thai
40448,british
31137,chinese
40874,chinese
21966,mexican
30271,southern_us
44683,italian
32784,irish
5078,italian
49229,italian
17426,french
35607,korean
10712,italian
19939,japanese
34588,southern_us
26093,cajun_creole
41540,mexican
45355,thai
17690,mexican
8452,indian
20415,southern_us
6106,southern_us
47155,italian
755,korean
37840,mexican
40909,filipino
23955,mexican
29335,cajun_creole
8930,chinese
30830,southern_us
41133,chinese
7255,japanese
13304,italian
29681,indian
14379,mexican
12505,french
11929,mexican
30153,mexican
18436,italian
1897,italian
31206,chinese
45244,italian
16808,korean
25468,italian
30995,chinese
48372,italian
45711,french
49647,greek
23747,french
12680,southern_us
46870,italian
29391,mexican
33915,italian
29842,southern_us
43970,italian
17509,chinese
9603,mexican
28911,indian
16859,irish
16725,italian
24420,italian
21340,jamaican
24868,italian
46426,japanese
26745,italian
39934,thai
5229,french
8319,spanish
17036,mexican
10065,mexican
38220,southern_us
15439,chinese
37571,filipino
25491,italian
24407,southern_us
16043,italian
40097,chinese
30021,southern_us
1622,mexican
26003,italian
45592,mexican
44330,thai
14443,indian
49343,mexican
17011,mexican
1845,jamaican
24103,thai
6790,indian
40624,southern_us
28644,french
3385,chinese
5276,indian
38305,italian
46663,indian
19561,french
32370,mexican
8155,french
29509,japanese
17298,indian
15195,french
41332,irish
13651,chinese
47089,italian
49481,italian
48267,chinese
26187,korean
17595,mexican
30106,southern_us
29310,mexican
47712,mexican
22448,italian
17558,cajun_creole
44553,southern_us
25365,greek
22305,southern_us
42554,mexican
27716,mexican
21251,french
22921,italian
36444,italian
37271,mexican
8526,southern_us
6595,mexican
37823,thai
34311,korean
27080,greek
29829,italian
19387,mexican
11724,thai
2190,indian
45241,italian
25540,southern_us
35119,italian
25517,japanese
25315,french
1375,french
24358,southern_us
8153,indian
2191,southern_us
8321,italian
12656,cajun_creole
27197,italian
45983,greek
32698,southern_us
15455,italian
7042,thai
7903,southern_us
21277,italian
10130,mexican
8637,spanish
6204,italian
27942,southern_us
40885,brazilian
4529,russian
14504,chinese
16392,southern_us
6286,southern_us
25600,italian
3573,chinese
21746,italian
22795,italian
49520,mexican
3809,italian
7418,french
22062,chinese
2737,greek
43036,italian
46136,mexican
34295,vietnamese
44784,mexican
47434,greek
5455,mexican
37166,italian
27029,filipino
5546,moroccan
3826,japanese
8771,indian
7899,mexican
37323,italian
1862,thai
6292,italian
23418,italian
1956,italian
5915,mexican
19122,italian
31701,indian
13939,greek
46197,italian
11187,greek
13424,southern_us
26087,greek
30893,italian
40773,indian
35999,chinese
25519,mexican
44128,italian
37647,french
43663,british
11036,mexican
37856,mexican
13469,indian
16121,jamaican
33679,mexican
24513,italian
4520,greek
47935,southern_us
19314,french
32122,italian
41733,irish
40124,mexican
2123,chinese
30174,southern_us
32758,indian
25475,moroccan
14590,indian
41418,italian
24805,italian
18059,french
4684,southern_us
1726,japanese
10957,thai
32550,italian
44170,italian
27754,italian
20194,thai
30265,filipino
32180,mexican
8186,mexican
30951,indian
19755,mexican
8135,mexican
19431,cajun_creole
2360,italian
20622,mexican
16107,thai
23126,chinese
45719,mexican
10272,southern_us
21412,mexican
10539,chinese
13223,southern_us
15,mexican
12938,russian
25436,chinese
45554,southern_us
48789,mexican
39760,southern_us
48783,french
32098,mexican
17397,mexican
18258,japanese
242,korean
21112,mexican
41064,french
14097,chinese
10648,southern_us
42715,cajun_creole
22484,mexican
21093,southern_us
36301,mexican
25127,korean
21544,japanese
6643,chinese
5166,italian
19068,italian
33152,southern_us
594,italian
17751,italian
8674,thai
22793,mexican
10706,mexican
10443,chinese
17899,indian
22134,korean
1973,cajun_creole
47516,southern_us
27793,southern_us
16657,italian
46503,italian
42202,mexican
39422,mexican
26185,italian
30620,italian
7417,chinese
45439,thai
33371,indian
46580,southern_us
12902,chinese
28843,italian
26989,korean
5675,indian
49202,japanese
40504,irish
13606,mexican
21827,mexican
4196,moroccan
17453,indian
2914,japanese
31207,italian
15956,vietnamese
13394,british
30587,cajun_creole
29467,mexican
44994,filipino
12313,southern_us
6043,mexican
37360,thai
33104,mexican
41007,italian
24088,indian
2194,mexican
20354,mexican
11227,moroccan
11209,chinese
27675,southern_us
30965,italian
22607,korean
16917,southern_us
25683,cajun_creole
3370,moroccan
25340,mexican
49292,southern_us
816,southern_us
1563,southern_us
22742,indian
30961,indian
30221,southern_us
30699,italian
21721,korean
18452,indian
4654,italian
0,spanish
17746,southern_us
2428,french
8636,italian
42996,thai
34312,southern_us
49583,french
26903,italian
44076,japanese
35688,mexican
976,mexican
27077,indian
42368,mexican
23245,italian
90,southern_us
24271,italian
45154,chinese
12824,italian
34316,italian
42501,mexican
40801,mexican
28303,french
46211,jamaican
6015,mexican
48430,italian
29610,irish
39254,thai
26062,french
2819,italian
23397,chinese
37620,southern_us
12845,mexican
31196,indian
15606,cajun_creole
27504,cajun_creole
10721,indian
14753,indian
17578,mexican
36670,french
2335,italian
45064,indian
28725,chinese
45326,mexican
23305,mexican
20359,moroccan
13349,mexican
35425,irish
42337,mexican
45578,cajun_creole
12960,mexican
47102,thai
20822,italian
3565,chinese
38654,italian
1480,japanese
15198,cajun_creole
14547,indian
19956,filipino
25421,mexican
38701,mexican
23902,japanese
18330,indian
21160,mexican
7361,filipino
6425,italian
19288,mexican
18931,indian
44965,southern_us
12934,italian
14482,moroccan
33283,indian
25974,indian
33321,italian
33168,cajun_creole
39159,indian
16061,french
47326,indian
42353,mexican
39479,italian
24278,filipino
23004,italian
42071,indian
48388,thai
38111,mexican
10757,thai
18612,mexican
9541,japanese
12547,korean
25887,cajun_creole
6463,french
40293,vietnamese
25874,thai
31774,mexican
36609,british
24546,thai
22182,japanese
18647,southern_us
37884,mexican
47341,indian
46971,indian
21907,japanese
32472,cajun_creole
14340,chinese
25538,filipino
6454,russian
40586,greek
7599,southern_us
8630,korean
36848,italian
22918,mexican
39921,italian
4340,indian
9088,brazilian
31703,italian
41385,irish
38498,southern_us
34528,italian
38501,italian
6205,southern_us
12564,italian
37889,southern_us
47203,cajun_creole
711,japanese
637,french
22558,korean
10407,mexican
10711,mexican
4951,mexican
4458,french
21138,greek
29104,french
40414,indian
155,korean
24360,southern_us
40699,italian
36350,indian
20920,greek
25318,korean
18437,chinese
962,southern_us
27419,cajun_creole
10981,italian
38032,indian
41375,thai
18785,french
9962,brazilian
32922,chinese
4329,indian
47009,jamaican
8038,indian
17277,southern_us
5876,greek
12484,greek
43646,filipino
27981,chinese
43154,irish
25031,thai
18396,mexican
2962,thai
36434,mexican
25522,british
4424,southern_us
8633,italian
22837,italian
3643,mexican
34320,mexican
206,cajun_creole
10482,korean
10587,mexican
11122,chinese
44401,italian
33988,italian
9353,chinese
932,indian
26768,irish
34393,filipino
33414,italian
2545,italian
1829,italian
13976,italian
19506,mexican
19908,french
10086,southern_us
11858,japanese
38603,chinese
23530,southern_us
36355,italian
40068,mexican
4869,southern_us
47196,chinese
18054,mexican
20562,thai
17991,italian
31248,southern_us
15148,mexican
6896,spanish
10885,italian
25734,southern_us
39231,italian
38021,italian
35868,italian
47488,italian
18775,mexican
48118,southern_us
32675,indian
30337,mexican
17138,chinese
22687,vietnamese
25366,mexican
26980,mexican
46175,italian
20376,italian
23294,italian
23917,southern_us
3246,cajun_creole
46916,greek
38329,indian
4905,french
44839,southern_us
42001,mexican
35448,italian
24019,southern_us
12189,mexican
19701,thai
45789,southern_us
42495,french
6721,moroccan
30855,chinese
11092,mexican
3391,southern_us
4558,mexican
32412,southern_us
28243,italian
48324,italian
26239,southern_us
43236,mexican
39854,jamaican
10333,southern_us
40163,mexican
18394,mexican
26781,russian
29902,mexican
19910,italian
19021,moroccan
41455,mexican
1187,southern_us
30179,chinese
18637,mexican
35771,southern_us
6227,vietnamese
29696,indian
41381,thai
12474,thai
40455,indian
30283,chinese
36322,southern_us
23102,mexican
25864,filipino
19970,spanish
32359,italian
1070,moroccan
30735,moroccan
8967,thai
2398,italian
42987,moroccan
596,indian
12374,italian
45046,southern_us
17423,southern_us
20312,chinese
47983,french
30346,indian
11396,french
26551,greek
17486,chinese
34517,mexican
26505,indian
28566,southern_us
22033,italian
23649,british
41417,southern_us
5241,mexican
320,jamaican
38288,thai
6171,indian
39791,jamaican
33209,mexican
29108,italian
33145,indian
8831,italian
14725,cajun_creole
36468,mexican
41618,greek
20072,mexican
11037,cajun_creole
18774,cajun_creole
7490,thai
4464,cajun_creole
22304,mexican
28342,jamaican
42935,french
13309,italian
2410,indian
29073,italian
12451,italian
14317,italian
44943,cajun_creole
42109,italian
48397,russian
40306,indian
38006,russian
13231,thai
45413,southern_us
35247,mexican
32769,italian
41062,mexican
33095,southern_us
36792,french
44219,indian
37924,mexican
30016,mexican
44014,russian
21309,mexican
8755,moroccan
36235,filipino
40112,indian
21640,italian
24828,italian
32081,french
15060,italian
43998,moroccan
10102,italian
33698,indian
28593,moroccan
17981,italian
37927,chinese
8852,italian
22673,italian
37362,italian
44598,japanese
17390,chinese
15598,italian
43475,indian
30496,thai
11664,mexican
38851,italian
46708,mexican
17071,italian
38225,brazilian
49587,spanish
1915,southern_us
37415,mexican
39103,italian
45888,italian
20353,mexican
38706,french
25044,vietnamese
44162,southern_us
43982,mexican
18464,moroccan
24762,italian
24867,italian
33901,french
17641,italian
8843,chinese
4882,southern_us
35277,italian
34429,french
1918,indian
34054,mexican
32944,italian
47491,mexican
46387,mexican
17380,chinese
46283,korean
21494,italian
9042,italian
14066,french
34263,vietnamese
3194,thai
22451,italian
9223,mexican
10670,indian
28167,cajun_creole
44426,jamaican
47265,french
1051,indian
17567,french
16433,southern_us
3804,irish
34272,cajun_creole
5417,french
44397,indian
2309,mexican
35807,italian
14125,southern_us
39664,thai
41937,southern_us
20772,chinese
36075,french
2395,italian
21782,italian
17914,chinese
36200,cajun_creole
20955,italian
22011,mexican
36469,italian
44584,greek
30335,japanese
46446,greek
119,italian
32117,mexican
4473,vietnamese
9912,korean
47829,southern_us
33694,moroccan
43241,cajun_creole
20064,southern_us
20056,japanese
17440,chinese
32072,southern_us
35237,russian
45699,mexican
19137,italian
4479,irish
4326,italian
28140,moroccan
49372,italian
21473,brazilian
36069,southern_us
45363,french
46358,moroccan
7043,italian
44743,italian
1364,italian
18277,mexican
23016,southern_us
44959,italian
33803,mexican
44845,spanish
25470,cajun_creole
38844,italian
25045,southern_us
10395,thai
29383,mexican
8233,italian
43966,italian
18661,italian
27331,moroccan
40656,japanese
8317,italian
38958,italian
32200,french
14908,mexican
17137,french
44027,mexican
38029,mexican
23750,mexican
14218,southern_us
39183,italian
49556,italian
35037,italian
22286,indian
14824,italian
47526,italian
14053,italian
21643,mexican
8892,chinese
6789,cajun_creole
20403,chinese
11586,mexican
23573,indian
20498,italian
44488,mexican
19280,japanese
6032,indian
28861,italian
903,italian
11721,french
6798,vietnamese
22247,greek
46947,southern_us
33891,italian
9337,italian
15726,chinese
42868,french
34696,french
10945,italian
43940,mexican
35309,mexican
34362,italian
40014,southern_us
2509,french
29006,southern_us
40402,southern_us
47623,mexican
40736,mexican
24277,southern_us
8671,mexican
25122,mexican
27019,mexican
7401,italian
36663,moroccan
13312,southern_us
40848,chinese
40331,italian
9162,british
38087,southern_us
19481,italian
21710,italian
8939,greek
17607,italian
29397,southern_us
33827,chinese
8016,mexican
27988,indian
27578,italian
26617,mexican
45824,italian
31899,italian
36941,chinese
4041,japanese
44280,italian
44454,indian
8765,chinese
5347,brazilian
34513,italian
26914,spanish
15238,italian
42775,french
25146,southern_us
35639,thai
36598,italian
31921,mexican
30707,italian
13487,thai
4805,japanese
17104,chinese
40990,mexican
20095,indian
13217,greek
49003,japanese
36807,italian
39107,mexican
49397,italian
35891,thai
27466,vietnamese
35833,cajun_creole
19719,japanese
17027,southern_us
48230,southern_us
9684,italian
14294,french
36026,italian
14961,indian
27607,cajun_creole
22592,southern_us
26603,french
29916,italian
12378,italian
27930,mexican
31012,italian
14597,indian
12163,mexican
6155,mexican
44009,italian
28082,cajun_creole
26497,mexican
36056,italian
47631,thai
19941,cajun_creole
31333,greek
506,irish
25172,italian
16955,indian
11002,mexican
41174,french
7357,chinese
3394,french
15512,french
35191,chinese
18114,mexican
7126,italian
19533,italian
3189,southern_us
11842,chinese
38062,cajun_creole
27758,italian
18006,french
38744,french
12086,chinese
2454,italian
28535,indian
44833,mexican
16884,mexican
18067,spanish
20672,greek
7777,thai
37543,italian
16178,italian
27217,southern_us
8678,italian
21769,french
28438,french
17632,indian
27460,filipino
39553,mexican
45617,mexican
37286,chinese
3257,italian
19000,indian
43611,italian
10900,southern_us
34770,mexican
21546,greek
37321,mexican
38784,southern_us
22321,italian
18117,mexican
13403,italian
43089,vietnamese
19229,japanese
36888,southern_us
16401,italian
9285,french
36698,mexican
39097,vietnamese
26865,brazilian
4044,chinese
46121,mexican
45462,southern_us
34836,indian
48630,thai
2696,japanese
550,brazilian
11892,french
37094,chinese
41693,indian
32757,chinese
13507,indian
18865,chinese
28959,brazilian
11015,cajun_creole
1880,french
28397,southern_us
44600,british
185,italian
42760,italian
42782,french
26303,italian
26261,southern_us
36718,french
46798,mexican
13043,italian
24190,indian
6225,mexican
4969,spanish
42016,french
17778,chinese
19388,cajun_creole
47389,british
44291,filipino
42658,mexican
28075,southern_us
12713,japanese
16950,southern_us
17281,italian
6968,southern_us
36016,chinese
26258,chinese
42448,greek
22791,indian
44902,southern_us
25455,mexican
22060,mexican
9054,southern_us
3355,mexican
15331,indian
22703,italian
39037,indian
18572,mexican
39811,mexican
28615,italian
42807,cajun_creole
25775,italian
493,russian
3653,italian
16383,italian
10872,italian
48784,japanese
30547,irish
4952,indian
29457,southern_us
8776,spanish
23637,vietnamese
48763,mexican
11570,italian
48180,mexican
43291,spanish
45433,italian
20776,southern_us
17223,vietnamese
19934,italian
2000,italian
8243,mexican
4462,chinese
14906,italian
5644,italian
23780,southern_us
22223,southern_us
24747,italian
46802,indian
10411,mexican
20821,indian
18337,french
17990,chinese
4859,mexican
8568,southern_us
15688,cajun_creole
25450,mexican
30394,japanese
25841,spanish
23963,southern_us
41266,vietnamese
14558,italian
16232,japanese
25222,mexican
11060,southern_us
40201,russian
46618,indian
32400,mexican
913,cajun_creole
30792,jamaican
32468,british
30017,mexican
27487,chinese
31006,vietnamese
18212,italian
10413,italian
28697,french
33087,filipino
40538,italian
35690,chinese
7863,british
7849,chinese
29775,japanese
14404,southern_us
42989,chinese
16830,southern_us
14535,chinese
4645,southern_us
13607,mexican
40718,indian
2652,italian
8938,british
14833,moroccan
42054,mexican
20656,thai
11235,southern_us
1236,italian
32748,french
49008,filipino
1510,southern_us
11752,italian
49056,mexican
33656,chinese
49096,chinese
49521,mexican
29734,mexican
28133,southern_us
48461,southern_us
43317,chinese
20779,cajun_creole
13367,southern_us
42709,southern_us
11345,french
2604,italian
30293,southern_us
7970,mexican
48420,vietnamese
1941,italian
1380,cajun_creole
27045,filipino
23251,italian
40301,indian
23224,indian
21951,thai
18586,cajun_creole
33507,irish
6713,mexican
281,mexican
18693,italian
31636,italian
39797,italian
2971,southern_us
38875,moroccan
32264,brazilian
25827,mexican
27528,thai
43190,greek
38070,japanese
12853,french
49575,spanish
5803,italian
21562,mexican
44064,chinese
77,italian
21367,italian
2665,irish
30401,filipino
5144,italian
14891,chinese
41873,moroccan
39334,french
25582,french
32677,cajun_creole
19261,southern_us
41066,italian
209,mexican
3054,korean
10635,italian
31831,french
2469,chinese
10815,chinese
43719,indian
23522,cajun_creole
7719,italian
3824,mexican
10925,indian
41206,spanish
35950,italian
29844,mexican
22882,italian
10857,southern_us
47118,indian
48307,chinese
45619,southern_us
41658,spanish
31667,irish
26648,italian
8535,thai
15321,italian
22395,mexican
38057,mexican
10708,indian
13750,italian
1477,british
22996,korean
40664,southern_us
18066,italian
653,southern_us
30432,italian
43420,southern_us
49608,italian
17242,cajun_creole
22135,thai
1716,chinese
5821,cajun_creole
5878,korean
24895,mexican
10378,cajun_creole
23865,mexican
5259,mexican
1667,mexican
6745,mexican
27585,thai
43850,indian
13322,indian
30240,japanese
24740,mexican
23708,chinese
25656,italian
41348,mexican
15945,greek
3760,italian
28641,italian
5565,southern_us
25220,indian
26277,japanese
11448,mexican
8557,japanese
34284,chinese
40195,cajun_creole
48182,japanese
40870,mexican
3448,indian
6911,chinese
17092,mexican
26810,italian
796,southern_us
42189,italian
11334,mexican
38291,greek
10868,southern_us
10617,cajun_creole
23112,italian
46284,indian
20137,irish
31122,filipino
10773,mexican
37913,italian
5924,thai
34469,chinese
28190,italian
11951,italian
27707,indian
3334,japanese
4876,spanish
37456,french
25922,chinese
8118,italian
21154,mexican
39542,southern_us
38912,italian
45429,mexican
46712,mexican
36000,mexican
21421,french
16345,moroccan
20426,irish
40412,moroccan
19771,italian
36662,mexican
7542,moroccan
10512,italian
46036,mexican
27072,italian
33815,french
363,jamaican
413,irish
31407,mexican
10836,mexican
12070,mexican
46777,mexican
8189,mexican
34761,mexican
38583,cajun_creole
46985,italian
39502,mexican
2028,chinese
21691,italian
19006,italian
43487,chinese
40355,chinese
14156,southern_us
32517,italian
15058,chinese
27608,chinese
25995,filipino
5718,indian
49678,mexican
13837,chinese
31382,italian
24235,southern_us
28539,indian
15481,italian
29819,japanese
39448,italian
7564,filipino
36147,mexican
7665,french
38679,mexican
22931,mexican
6091,indian
46686,italian
26654,southern_us
18909,chinese
33986,southern_us
31909,french
24318,italian
36908,southern_us
39853,mexican
39476,southern_us
14796,indian
19465,mexican
7814,french
11962,greek
13489,indian
13776,french
29641,mexican
34053,italian
15393,indian
26761,chinese
48487,cajun_creole
35674,thai
45931,spanish
4349,italian
24242,moroccan
49540,southern_us
45478,southern_us
46879,italian
34604,southern_us
16162,british
29163,southern_us
7488,mexican
36945,cajun_creole
39009,chinese
48415,mexican
25885,italian
13293,mexican
10995,japanese
32197,cajun_creole
29344,filipino
49692,southern_us
22209,mexican
43990,italian
46600,korean
5214,mexican
20565,jamaican
24908,jamaican
16304,southern_us
27552,british
13166,italian
4437,mexican
36376,italian
33998,mexican
5366,indian
32541,jamaican
42810,southern_us
23659,mexican
46653,mexican
35329,mexican
43034,thai
14439,thai
20069,italian
29901,mexican
17799,indian
45865,korean
42885,mexican
21510,southern_us
32056,thai
28112,italian
29028,french
31370,british
25343,italian
22143,southern_us
3735,italian
4185,italian
7282,french
1609,moroccan
22953,italian
15609,mexican
8463,french
48706,indian
25672,thai
20946,brazilian
7341,cajun_creole
10244,italian
17335,italian
37532,greek
34924,indian
38125,italian
40876,japanese
1034,southern_us
16450,southern_us
22461,chinese
9535,chinese
27186,cajun_creole
8920,cajun_creole
26344,southern_us
45960,japanese
40037,italian
27643,mexican
39815,italian
22217,french
1343,thai
32803,italian
17336,mexican
14527,mexican
15260,thai
43346,chinese
31907,vietnamese
366,southern_us
2282,russian
11594,greek
12499,korean
6552,italian
46274,southern_us
48331,greek
12536,thai
10435,moroccan
37987,mexican
23481,cajun_creole
46818,filipino
4149,mexican
18845,italian
28390,italian
23575,brazilian
38970,italian
23910,chinese
48971,moroccan
2634,italian
879,italian
7550,japanese
4165,italian
30193,mexican
15044,italian
36906,italian
14784,italian
32878,southern_us
36835,mexican
37662,italian
47872,southern_us
21822,french
20865,cajun_creole
36575,chinese
37784,italian
15528,italian
11980,cajun_creole
41263,mexican
28740,mexican
47995,italian
40060,indian
31928,italian
19380,greek
24198,chinese
43974,indian
32455,mexican
28116,italian
46817,italian
21895,thai
23508,moroccan
35267,mexican
24301,italian
2183,filipino
33174,cajun_creole
5793,indian
44257,greek
21878,thai
3724,french
28345,italian
38393,mexican
29121,southern_us
34774,southern_us
29865,british
37180,italian
30474,italian
26940,french
47442,mexican
39129,mexican
40890,southern_us
34701,french
29424,french
24007,italian
41778,italian
5338,mexican
43182,mexican
48892,mexican
44948,mexican
47892,mexican
20490,japanese
23999,mexican
12888,mexican
33876,italian
46925,italian
10105,mexican
46120,french
48187,mexican
14853,french
23551,thai
32251,chinese
30334,irish
36501,greek
4471,italian
29698,mexican
11221,mexican
46864,mexican
16300,mexican
46493,cajun_creole
44617,chinese
18975,moroccan
43888,italian
38593,french
35207,japanese
31247,french
9882,filipino
19814,mexican
43470,italian
31568,southern_us
29851,southern_us
27497,french
25931,chinese
4947,filipino
30040,mexican
10444,indian
38499,chinese
49307,mexican
49644,japanese
324,british
3212,italian
25826,french
15724,southern_us
6241,vietnamese
41544,italian
24643,italian
42844,italian
36328,italian
37869,thai
1771,italian
42627,indian
40601,chinese
8229,spanish
10762,japanese
15600,chinese
44703,indian
3713,italian
16205,cajun_creole
16039,italian
25530,french
44537,korean
47172,korean
34114,japanese
33133,mexican
30670,italian
20613,southern_us
46642,italian
27789,irish
353,southern_us
40972,thai
26216,italian
41291,mexican
20577,indian
37555,british
25498,greek
11403,greek
27004,italian
40016,french
29597,indian
35167,thai
38187,italian
3685,korean
47103,chinese
33618,spanish
29114,mexican
22849,mexican
22619,southern_us
29662,italian
20387,greek
9076,chinese
46251,chinese
15350,french
15835,southern_us
19166,italian
9460,southern_us
45910,mexican
37623,italian
7916,mexican
5903,southern_us
4772,irish
7366,italian
11336,cajun_creole
5496,mexican
19795,french
25692,thai
19819,thai
5974,southern_us
1760,southern_us
40747,chinese
45510,moroccan
14774,cajun_creole
37788,indian
24928,italian
9788,moroccan
7924,italian
21105,greek
39336,russian
31675,italian
10898,japanese
42451,chinese
47959,mexican
47248,italian
7655,greek
6081,southern_us
48566,irish
21686,italian
47215,chinese
24396,italian
20766,southern_us
16564,thai
29896,italian
40188,korean
18216,mexican
749,french
22186,british
12592,italian
25399,italian
34110,cajun_creole
17344,italian
34232,korean
9468,italian
35678,korean
37638,italian
10705,italian
48271,italian
10207,french
34061,cajun_creole
12607,southern_us
37849,southern_us
32937,italian
8795,italian
11964,filipino
13580,french
16058,italian
38475,french
9525,italian
22,mexican
40708,vietnamese
3092,mexican
43942,italian
12161,italian
6033,italian
48502,chinese
43257,italian
44431,thai
17770,southern_us
29810,thai
7077,southern_us
42004,chinese
4474,filipino
36904,mexican
49,southern_us
44802,italian
23729,jamaican
14539,japanese
17896,southern_us
40491,southern_us
29252,italian
26518,french
14472,japanese
22204,italian
4368,mexican
9817,chinese
31366,mexican
11551,thai
32145,french
32931,thai
28168,cajun_creole
12778,italian
36803,indian
5369,italian
45831,spanish
3157,chinese
40044,russian
6020,southern_us
746,mexican
42873,indian
32981,greek
28751,mexican
37785,japanese
37982,russian
31280,korean
29258,italian
3459,mexican
20791,italian
22364,japanese
20566,cajun_creole
9930,mexican
982,italian
43092,moroccan
3183,southern_us
3647,mexican
44661,mexican
39503,italian
34151,italian
48915,cajun_creole
39737,french
24706,spanish
42057,mexican
1524,indian
46539,french
11189,indian
24464,chinese
6180,filipino
20152,italian
37885,mexican
16099,italian
11068,southern_us
2658,indian
20509,spanish
5696,italian
3136,italian
20761,indian
41703,mexican
20379,italian
22634,thai
22565,thai
32825,mexican
10756,korean
17079,japanese
34041,italian
39235,russian
6255,indian
34410,italian
20012,mexican
33515,korean
41244,italian
12880,southern_us
14857,mexican
32544,italian
24799,irish
23599,indian
30762,korean
14733,chinese
37434,russian
11903,italian
27274,mexican
4866,korean
28896,mexican
47348,southern_us
7495,southern_us
24648,italian
28950,italian
48931,cajun_creole
19782,japanese
17241,moroccan
2455,mexican
27872,moroccan
15766,cajun_creole
25229,thai
7588,mexican
32834,southern_us
7479,chinese
49232,vietnamese
48919,southern_us
10029,korean
42742,italian
43546,southern_us
48699,french
11471,mexican
30700,southern_us
17166,japanese
16842,japanese
8315,italian
46494,indian
36047,moroccan
36224,chinese
30923,japanese
38133,cajun_creole
3629,southern_us
45952,indian
40012,chinese
4606,mexican
8587,mexican
2422,italian
42414,jamaican
49471,filipino
27832,italian
9093,mexican
24920,southern_us
38131,cajun_creole
15519,indian
24964,brazilian
20884,mexican
10535,french
19437,cajun_creole
481,irish
26129,italian
24855,indian
42300,spanish
20599,mexican
1208,thai
36107,french
37472,cajun_creole
1316,mexican
9679,french
29475,filipino
29840,chinese
15778,jamaican
23304,french
37495,chinese
7808,italian
5191,italian
12579,chinese
27035,spanish
2997,greek
40360,mexican
20027,italian
11200,italian
3766,korean
18363,italian
12305,italian
27012,mexican
32446,indian
40400,french
25243,italian
45799,chinese
9734,italian
40391,mexican
24412,indian
30892,southern_us
81,italian
986,southern_us
49193,italian
2992,italian
13502,chinese
20430,southern_us
30530,mexican
17227,indian
18659,italian
39959,french
16879,italian
36223,korean
35606,moroccan
45122,mexican
16875,italian
40864,greek
43079,italian
38254,italian
48834,chinese
22467,russian
26387,indian
49240,mexican
22572,southern_us
3863,french
24303,indian
43845,italian
1066,italian
39955,indian
6756,southern_us
28846,mexican
2095,french
14370,greek
19837,mexican
42620,mexican
34553,cajun_creole
5771,mexican
39077,chinese
4789,thai
48966,italian
3959,italian
21715,thai
3496,indian
31657,cajun_creole
13516,mexican
31157,chinese
18910,italian
45385,italian
10164,indian
34420,greek
40883,indian
25405,greek
19269,cajun_creole
26533,mexican
34562,irish
9934,southern_us
40537,italian
1529,italian
64,southern_us
46479,greek
29464,italian
18964,chinese
48179,mexican
6867,mexican
40257,italian
41636,italian
32794,thai
27474,italian
11831,italian
40611,chinese
45553,chinese
714,vietnamese
5763,italian
20240,mexican
28607,chinese
24213,mexican
16286,italian
13848,southern_us
42155,mexican
46327,mexican
21196,mexican
20648,italian
3771,southern_us
3101,french
18813,italian
40880,mexican
32688,italian
20557,chinese
16728,southern_us
5077,mexican
22465,mexican
44289,french
2578,indian
3780,italian
39597,mexican
13593,southern_us
18279,chinese
44557,indian
45684,mexican
23536,italian
7609,southern_us
42984,mexican
2605,mexican
15907,moroccan
28929,southern_us
13867,french
24940,thai
39901,italian
32199,irish
27398,mexican
41870,mexican
33930,japanese
30172,greek
996,italian
27897,korean
29183,indian
29814,mexican
8718,mexican
35449,mexican
11564,chinese
42863,southern_us
38412,french
14799,irish
5142,mexican
42858,mexican
42269,indian
22018,french
5243,mexican
4538,greek
8330,chinese
10055,chinese
8715,southern_us
8479,cajun_creole
44259,cajun_creole
45990,vietnamese
7301,french
16194,mexican
40393,cajun_creole
45494,japanese
44950,irish
47733,italian
32355,japanese
6321,filipino
10460,french
36149,japanese
20570,indian
14192,italian
36388,indian
8368,mexican
39285,british
28384,chinese
5797,southern_us
16826,mexican
5240,italian
13724,italian
30214,mexican
17466,italian
18231,chinese
43831,indian
15133,southern_us
